temperature,humidity,mq5_value,mq2_value,temp_diff,mq5_diff,gas_production_lpm,methane_percent,next_temperature
31.970,61.580,376.300,307.300,0.970,26.300,2.488,58.141,31.867
31.990,61.450,371.800,303.800,0.020,-4.500,2.472,57.677,31.889
31.970,61.630,377.100,310.700,-0.020,5.300,2.680,58.219,32.058
31.970,61.150,365.200,318.200,0.000,-11.900,2.665,58.297,31.811
31.900,60.740,374.200,310.000,-0.070,9.000,2.560,58.956,31.862
31.700,60.700,381.600,305.500,-0.200,7.400,2.665,57.723,31.646
31.700,60.960,380.800,310.900,0.000,-0.800,2.605,56.997,31.699
31.710,60.790,372.300,303.000,0.010,-8.500,2.703,57.631,31.892
31.700,60.780,375.600,307.400,-0.010,3.300,2.676,58.183,31.749
31.500,61.320,380.200,301.100,-0.200,4.600,2.610,58.696,31.536
31.580,61.310,370.600,300.500,0.080,-9.600,2.597,58.042,31.533
31.530,61.380,362.200,299.600,-0.050,-8.400,2.676,58.726,31.638
31.770,61.770,373.500,303.300,0.240,11.300,2.731,57.527,31.718
31.820,61.780,390.100,292.600,0.050,16.600,2.651,58.051,31.740
32.230,61.440,391.600,287.600,0.410,1.500,2.693,58.255,32.271
32.200,61.670,382.200,279.000,-0.030,-9.400,2.739,57.474,32.215
32.320,61.630,382.400,263.900,0.120,0.200,2.638,58.060,32.321
32.360,61.490,375.600,260.000,0.040,-6.800,2.644,58.016,32.439
32.640,61.460,380.500,264.000,0.280,4.900,2.582,57.658,32.740
32.660,61.730,386.600,271.400,0.020,6.100,2.597,58.311,32.753
32.340,61.790,385.900,272.400,-0.320,-0.700,2.550,58.151,32.218
32.300,62.030,380.900,266.900,-0.040,-5.000,2.558,59.524,32.470
32.260,62.030,379.100,265.200,-0.040,-1.800,2.506,57.819,32.344
31.980,62.200,400.300,262.100,-0.280,21.200,2.400,58.084,32.137
32.190,62.660,397.500,260.000,0.210,-2.800,2.364,58.492,32.237
32.120,62.840,405.900,264.500,-0.070,8.400,2.306,58.779,32.254
32.010,63.050,397.000,263.900,-0.110,-8.900,2.439,57.787,31.918
32.080,63.200,390.400,261.900,0.070,-6.600,2.299,57.235,32.049
32.170,63.240,406.700,263.200,0.090,16.300,2.339,57.282,32.115
32.160,63.440,402.100,273.400,-0.010,-4.600,2.312,57.257,32.147
32.250,63.370,401.000,271.600,0.090,-1.100,2.247,57.829,32.291
32.190,63.380,409.800,280.600,-0.060,8.800,2.247,58.090,32.090
31.970,63.950,409.900,285.000,-0.220,0.100,2.270,57.853,31.943
32.150,64.160,408.300,286.400,0.180,-1.600,2.386,58.469,32.255
32.190,63.980,403.900,284.900,0.040,-4.400,2.359,56.149,32.156
32.240,63.770,399.600,276.500,0.050,-4.300,2.309,58.280,32.240
32.340,63.790,404.500,285.800,0.100,4.900,2.323,56.923,32.210
32.180,63.980,412.700,281.300,-0.160,8.200,2.385,58.157,32.139
32.380,63.790,419.500,287.100,0.200,6.800,2.506,57.871,32.365
32.570,63.610,410.100,290.700,0.190,-9.400,2.340,57.755,32.413
32.710,63.070,418.800,288.000,0.140,8.700,2.546,58.174,32.521
32.660,63.060,425.700,285.300,-0.050,6.900,2.468,58.215,32.639
32.760,63.260,431.300,280.500,0.100,5.600,2.458,57.729,32.626
32.860,63.420,424.700,278.300,0.100,-6.600,2.542,58.180,32.743
32.780,63.400,419.300,283.700,-0.080,-5.400,2.565,58.830,32.803
32.830,63.250,427.600,288.300,0.050,8.300,2.648,57.712,32.867
32.720,63.170,427.900,293.200,-0.110,0.300,2.650,56.825,32.560
32.820,63.170,424.800,294.800,0.100,-3.100,2.679,57.609,32.743
33.040,62.870,437.700,302.100,0.220,12.900,2.665,57.497,32.963
33.070,62.590,436.200,301.500,0.030,-1.500,2.680,58.453,32.950
33.090,62.570,429.400,309.500,0.020,-6.800,2.640,58.407,33.089
33.000,62.920,430.800,301.600,-0.090,1.400,2.692,57.707,32.904
32.940,62.580,407.000,292.700,-0.060,-23.800,2.735,57.813,32.988
32.940,62.690,415.400,290.400,0.000,8.400,2.779,57.016,32.952
32.930,62.510,422.700,302.000,-0.010,7.300,2.606,57.197,32.938
32.690,62.480,420.200,305.000,-0.240,-2.500,2.603,57.486,32.669
32.650,62.710,422.600,308.100,-0.040,2.400,2.685,58.408,32.615
32.470,62.620,428.500,316.600,-0.180,5.900,2.649,57.913,32.302
32.490,63.220,424.500,322.900,0.020,-4.000,2.649,58.300,32.433
32.420,62.880,404.800,324.100,-0.070,-19.700,2.652,58.279,32.427
32.650,62.900,398.600,329.100,0.230,-6.200,2.622,58.932,32.660
32.760,63.320,396.500,327.900,0.110,-2.100,2.513,58.581,32.806
32.710,62.700,398.300,334.500,-0.050,1.800,2.572,58.530,32.714
32.450,62.810,401.500,330.500,-0.260,3.200,2.517,58.427,32.498
32.480,63.030,400.600,333.200,0.030,-0.900,2.572,57.456,32.553
32.430,63.000,392.100,331.400,-0.050,-8.500,2.416,57.281,32.343
32.410,62.710,388.600,332.900,-0.020,-3.500,2.445,58.211,32.367
32.500,62.560,402.800,341.200,0.090,14.200,2.375,57.789,32.492
32.310,62.640,418.400,344.100,-0.190,15.600,2.338,57.947,32.191
32.230,63.230,412.700,336.600,-0.080,-5.700,2.418,58.104,32.343
31.920,63.620,431.300,346.000,-0.310,18.600,2.250,57.750,31.834
31.910,64.240,441.600,334.600,-0.010,10.300,2.292,57.462,31.888
31.740,64.440,447.100,334.400,-0.170,5.500,2.276,58.819,31.829
31.820,64.400,440.300,344.800,0.080,-6.800,2.287,58.210,31.867
31.790,64.050,439.200,338.800,-0.030,-1.100,2.414,57.821,31.781
31.590,64.060,427.200,337.300,-0.200,-12.000,2.318,58.192,31.653
31.520,63.930,436.300,337.800,-0.070,9.100,2.309,57.534,31.485
31.690,64.040,428.900,333.600,0.170,-7.400,2.319,57.369,31.691
31.680,63.800,416.900,348.200,-0.010,-12.000,2.314,58.541,31.900
31.580,64.380,413.900,355.800,-0.100,-3.000,2.406,58.136,31.487
31.510,64.330,412.900,353.400,-0.070,-1.000,2.425,56.819,31.572
31.230,64.540,401.600,349.000,-0.280,-11.300,2.408,57.490,31.258
31.170,63.940,391.400,356.200,-0.060,-10.200,2.396,57.237,31.223
30.940,64.100,382.700,357.800,-0.230,-8.700,2.422,57.569,30.917
31.000,64.260,379.500,348.000,0.060,-3.200,2.585,58.403,31.018
31.190,64.730,396.200,355.400,0.190,16.700,2.409,59.257,31.311
31.170,65.130,385.300,362.100,-0.020,-10.900,2.566,58.477,31.385
31.300,65.080,376.400,358.100,0.130,-8.900,2.510,58.172,31.533
31.250,64.870,384.600,347.700,-0.050,8.200,2.673,57.825,31.339
30.930,64.850,377.500,351.300,-0.320,-7.100,2.528,58.141,30.905
31.160,65.300,382.200,345.900,0.230,4.700,2.659,58.765,31.272
30.990,65.210,381.900,334.900,-0.170,-0.300,2.794,57.956,31.206
30.980,65.050,378.300,348.800,-0.010,-3.600,2.610,57.466,31.060
31.080,64.600,374.900,351.900,0.100,-3.400,2.798,56.932,31.113
31.060,64.440,369.600,357.600,-0.020,-5.300,2.685,58.121,31.110
30.990,64.370,364.600,355.200,-0.070,-5.000,2.738,58.847,31.017
31.030,64.280,380.300,349.100,0.040,15.700,2.652,57.944,31.080
31.050,64.500,395.700,355.100,0.020,15.400,2.700,59.330,31.070
31.210,64.690,403.100,359.000,0.160,7.400,2.718,58.202,31.248
31.060,64.940,399.700,357.800,-0.150,-3.400,2.718,58.797,31.167
31.070,64.790,410.600,349.400,0.010,10.900,2.759,58.663,31.157
31.030,64.870,409.200,351.400,-0.040,-1.400,2.601,58.052,30.957
31.090,64.660,411.200,349.600,0.060,2.000,2.599,57.560,31.180
31.060,64.030,415.200,360.700,-0.030,4.000,2.570,57.367,31.015
31.020,64.140,409.700,356.500,-0.040,-5.500,2.560,56.605,31.145
30.990,64.540,419.700,363.600,-0.030,10.000,2.495,57.256,31.000
30.810,64.130,429.100,358.100,-0.180,9.400,2.441,58.245,31.009
30.870,64.170,434.600,361.600,0.060,5.500,2.446,58.246,30.931
30.960,64.460,429.600,359.400,0.090,-5.000,2.382,58.629,31.030
31.160,64.200,442.400,362.100,0.200,12.800,2.393,58.076,31.243
31.330,64.500,434.900,365.500,0.170,-7.500,2.346,58.563,31.366
31.370,64.760,426.400,370.000,0.040,-8.500,2.356,57.867,31.322
31.750,65.150,433.400,370.000,0.380,7.000,2.283,57.939,31.757
31.910,65.740,435.700,360.800,0.160,2.300,2.406,57.355,31.843
31.920,65.820,439.100,370.000,0.010,3.400,2.293,58.072,31.891
31.820,66.020,435.100,368.300,-0.100,-4.000,2.202,59.032,31.893
31.680,66.220,440.500,365.300,-0.140,5.400,2.237,57.639,31.876
31.760,66.150,436.900,368.400,0.080,-3.600,2.308,58.209,31.847
31.680,66.310,428.900,355.800,-0.080,-8.000,2.374,56.679,31.756
31.670,65.770,431.100,361.300,-0.010,2.200,2.238,58.277,31.558
31.660,66.010,426.100,362.600,-0.010,-5.000,2.264,58.121,31.675
31.680,66.180,420.300,370.000,0.020,-5.800,2.499,57.374,31.768
31.820,66.390,430.100,370.000,0.140,9.800,2.274,57.457,31.918
31.800,66.060,430.300,370.000,-0.020,0.200,2.439,57.799,31.786
32.010,66.580,436.000,369.000,0.210,5.700,2.415,57.288,32.091
31.960,66.760,422.800,370.000,-0.050,-13.200,2.482,57.657,31.963
31.820,66.800,423.100,365.600,-0.140,0.300,2.466,58.510,31.764
31.650,66.890,419.900,367.400,-0.170,-3.200,2.644,57.715,31.706
31.690,66.630,416.000,366.500,0.040,-3.900,2.541,57.483,31.799
31.790,66.690,416.400,365.700,0.100,0.400,2.588,57.742,31.832
31.950,66.880,433.200,347.400,0.160,16.800,2.723,56.978,32.045
31.920,67.440,421.000,350.200,-0.030,-12.200,2.639,58.193,32.079
31.980,66.920,437.900,348.700,0.060,16.900,2.677,57.026,32.045
32.190,66.950,435.400,343.700,0.210,-2.500,2.694,58.874,32.286
32.080,66.830,438.200,344.500,-0.110,2.800,2.556,58.560,32.184
32.290,67.130,444.700,337.300,0.210,6.500,2.778,58.085,32.295
32.440,66.810,437.300,339.700,0.150,-7.400,2.563,57.972,32.497
32.430,66.840,433.000,338.400,-0.010,-4.300,2.720,58.028,32.240
32.190,66.830,436.800,341.400,-0.240,3.800,2.633,58.413,32.062
31.770,66.840,428.900,352.500,-0.420,-7.900,2.633,58.608,31.746
31.980,66.880,419.400,358.700,0.210,-9.500,2.668,57.809,31.906
31.960,67.460,427.800,363.800,-0.020,8.400,2.608,58.277,32.013
31.830,67.790,417.600,363.900,-0.130,-10.200,2.534,57.783,31.795
31.780,67.620,418.300,364.500,-0.050,0.700,2.664,57.949,31.790
31.840,67.130,415.100,365.600,0.060,-3.200,2.656,58.142,31.840
31.730,66.660,400.900,356.400,-0.110,-14.200,2.569,58.498,31.686
31.640,66.340,397.900,355.300,-0.090,-3.000,2.560,58.526,31.617
31.750,67.310,412.500,342.000,0.110,14.600,2.557,57.879,31.654
31.940,67.780,423.200,355.800,0.190,10.700,2.406,56.434,31.913
32.230,67.810,411.800,347.700,0.290,-11.400,2.368,57.069,32.241
32.320,67.670,406.600,352.600,0.090,-5.200,2.362,58.589,32.285
32.020,67.460,409.000,351.400,-0.300,2.400,2.478,57.410,32.018
32.160,67.890,404.600,357.000,0.140,-4.400,2.337,57.594,32.150
31.870,67.940,411.200,362.300,-0.290,6.600,2.264,58.007,31.853
31.840,67.950,406.100,359.200,-0.030,-5.100,2.381,58.123,31.785
31.820,67.860,409.300,349.200,-0.020,3.200,2.284,57.955,31.934
31.950,67.710,414.000,340.300,0.130,4.700,2.392,57.708,31.883
31.980,67.620,407.500,337.800,0.030,-6.500,2.295,58.337,31.903
31.740,67.730,414.000,337.900,-0.240,6.500,2.325,58.311,31.831
31.820,68.170,412.900,334.700,0.080,-1.100,2.277,58.010,31.706
31.870,68.380,409.100,338.400,0.050,-3.800,2.327,58.620,31.915
31.770,68.320,400.800,356.800,-0.100,-8.300,2.281,57.437,31.796
31.910,68.460,400.900,356.200,0.140,0.100,2.377,58.554,31.859
31.840,68.660,405.800,345.200,-0.070,4.900,2.354,58.384,31.838
32.070,68.430,399.900,350.700,0.230,-5.900,2.416,58.272,32.145
32.130,67.980,398.000,349.200,0.060,-1.900,2.352,58.836,32.070
32.330,67.820,388.400,345.400,0.200,-9.600,2.483,58.711,32.390
32.490,67.920,383.800,332.800,0.160,-4.600,2.377,58.523,32.304
32.500,68.580,388.300,329.100,0.010,4.500,2.580,58.053,32.362
32.570,68.540,383.500,337.300,0.070,-4.800,2.556,58.151,32.536
32.610,68.630,366.400,329.500,0.040,-17.100,2.528,58.192,32.576
32.700,68.220,374.400,335.600,0.090,8.000,2.623,57.987,32.655
32.800,67.990,380.200,342.400,0.100,5.800,2.637,58.373,32.711
32.800,68.230,372.200,346.000,0.000,-8.000,2.554,58.433,32.654
33.060,68.340,369.200,336.500,0.260,-3.000,2.654,57.679,33.179
32.930,68.380,364.700,340.200,-0.130,-4.500,2.694,57.591,32.879
32.810,68.430,363.200,344.400,-0.120,-1.500,2.729,58.622,32.834
32.710,68.480,349.200,351.100,-0.100,-14.000,2.795,57.395,32.668
32.750,68.320,341.600,351.700,0.040,-7.600,2.682,58.442,32.670
32.950,68.290,349.700,350.200,0.200,8.100,2.603,58.806,32.929
32.930,68.540,357.500,345.000,-0.020,7.800,2.689,59.084,32.830
32.950,68.760,370.800,352.500,0.020,13.300,2.661,57.573,32.913
33.010,68.830,377.800,346.800,0.060,7.000,2.582,58.524,32.902
33.100,69.000,385.000,345.500,0.090,7.200,2.707,58.723,33.035
33.210,68.680,383.300,326.300,0.110,-1.700,2.624,58.654,33.237
33.270,68.650,376.400,325.400,0.060,-6.900,2.680,57.417,33.257
33.280,69.170,375.100,322.100,0.010,-1.300,2.657,58.044,33.190
33.300,69.100,368.300,338.500,0.020,-6.800,2.559,58.123,33.286
33.230,68.820,363.200,337.700,-0.070,-5.100,2.537,57.894,33.143
33.390,68.770,363.200,338.300,0.160,0.000,2.469,57.247,33.383
33.240,68.920,357.700,348.500,-0.150,-5.500,2.388,57.567,33.248
33.390,68.460,363.000,337.800,0.150,5.300,2.416,58.062,33.403
33.360,68.710,363.000,333.800,-0.030,0.000,2.531,57.582,33.271
33.100,69.090,372.600,341.600,-0.260,9.600,2.436,57.786,32.986
33.070,69.350,377.900,340.700,-0.030,5.300,2.429,57.898,32.922
33.250,69.060,393.900,337.200,0.180,16.000,2.337,57.798,33.261
33.310,69.050,408.400,334.500,0.060,14.500,2.394,57.675,33.227
33.280,69.160,406.200,345.600,-0.030,-2.200,2.275,58.754,33.339
33.360,68.790,402.800,349.500,0.080,-3.400,2.357,57.860,33.397
33.090,68.910,399.600,350.900,-0.270,-3.200,2.209,57.517,32.883
33.080,68.910,385.100,351.500,-0.010,-14.500,2.391,57.724,33.125
33.070,69.160,389.100,358.500,-0.010,4.000,2.310,58.466,32.957
32.940,69.550,390.400,346.300,-0.130,1.300,2.329,57.587,32.817
32.950,69.460,388.800,351.800,0.010,-1.600,2.290,58.123,33.003
32.780,69.630,390.800,356.900,-0.170,2.000,2.388,58.394,32.699
32.790,69.750,393.000,354.500,0.010,2.200,2.441,58.390,32.716
32.820,69.870,399.800,358.300,0.030,6.800,2.479,58.458,32.682
32.580,70.000,392.100,353.800,-0.240,-7.700,2.412,58.654,32.547
32.710,69.930,399.100,356.800,0.130,7.000,2.399,57.435,32.664
32.600,70.000,398.800,352.100,-0.110,-0.300,2.531,57.836,32.522
32.440,69.920,416.200,358.300,-0.160,17.400,2.399,59.011,32.281
32.350,69.860,418.600,357.800,-0.090,2.400,2.535,58.965,32.415
32.360,69.920,422.200,351.500,0.010,3.600,2.544,57.314,32.223
32.560,69.690,421.400,363.100,0.200,-0.800,2.576,58.268,32.602
32.470,69.950,411.200,359.600,-0.090,-10.200,2.606,57.507,32.493
32.450,70.000,401.100,349.500,-0.020,-10.100,2.633,58.129,32.431
32.450,69.940,395.700,341.000,0.000,-5.400,2.655,58.343,32.525
32.400,69.690,403.400,352.100,-0.050,7.700,2.746,57.702,32.324
32.390,69.760,396.700,354.000,-0.010,-6.700,2.711,58.259,32.354
32.410,70.000,393.800,353.000,0.020,-2.900,2.657,57.994,32.324
32.370,69.630,373.800,354.900,-0.040,-20.000,2.677,58.587,32.396
32.460,69.300,375.500,349.500,0.090,1.700,2.819,58.260,32.489
32.290,69.270,375.900,346.400,-0.170,0.400,2.709,58.618,32.204
32.420,68.740,391.800,341.100,0.130,15.900,2.612,57.324,32.460
32.290,68.840,392.600,349.400,-0.130,0.800,2.671,57.946,32.368
32.420,69.040,392.300,346.500,0.130,-0.300,2.694,58.597,32.296
32.460,69.020,396.000,345.400,0.040,3.700,2.703,57.754,32.503
32.560,68.930,392.000,354.600,0.100,-4.000,2.585,57.899,32.527
32.950,68.930,388.300,357.200,0.390,-3.700,2.594,57.727,32.848
33.000,68.960,367.600,351.000,0.050,-20.700,2.440,57.929,32.971
32.810,69.160,365.400,353.800,-0.190,-2.200,2.513,58.820,32.682
32.830,69.220,369.700,356.800,0.020,4.300,2.407,58.206,32.830
32.960,69.500,385.900,366.100,0.130,16.200,2.471,58.618,32.899
32.830,69.500,383.900,357.700,-0.130,-2.000,2.296,57.211,32.855
33.070,69.830,379.600,354.800,0.240,-4.300,2.463,58.242,32.887
33.110,69.820,380.100,354.600,0.040,0.500,2.367,56.930,33.240
33.350,69.300,379.400,359.300,0.240,-0.700,2.358,58.113,33.203
33.270,69.620,387.100,360.800,-0.080,7.700,2.277,57.725,33.023
33.470,69.740,382.100,351.200,0.200,-5.000,2.317,58.127,33.344
33.480,70.000,377.500,346.100,0.010,-4.600,2.252,58.397,33.444
33.660,70.000,380.800,351.900,0.180,3.300,2.222,58.981,33.547
33.270,69.940,378.800,361.500,-0.390,-2.000,2.334,58.185,33.185
32.930,70.000,398.400,370.000,-0.340,19.600,2.344,57.354,32.810
32.760,69.470,407.400,370.000,-0.170,9.000,2.299,58.069,32.669
32.850,69.050,410.900,370.000,0.090,3.500,2.338,57.368,32.847
33.020,69.030,401.900,363.100,0.170,-9.000,2.313,57.434,32.825
32.910,68.730,406.200,367.600,-0.110,4.300,2.323,58.142,32.810
32.620,68.670,396.300,359.100,-0.290,-9.900,2.287,57.782,32.637
32.560,69.290,403.500,365.100,-0.060,7.200,2.432,58.046,32.463
32.660,69.300,411.600,358.300,0.100,8.100,2.464,57.829,32.530
32.810,69.490,412.800,357.200,0.150,1.200,2.454,58.839,32.754
32.900,69.520,409.700,359.400,0.090,-3.100,2.457,57.764,32.753
33.070,69.410,423.200,359.900,0.170,13.500,2.506,58.470,33.004
33.120,68.690,431.600,370.000,0.050,8.400,2.596,58.580,32.978
33.160,68.340,438.500,370.000,0.040,6.900,2.610,57.797,33.100
32.980,68.600,446.700,370.000,-0.180,8.200,2.487,57.530,32.976
32.840,68.390,438.500,360.400,-0.140,-8.200,2.597,57.401,32.707
31.400,63.000,421.000,317.000,-1.440,-17.500,2.083,60.753,31.365
32.390,62.360,366.700,327.900,0.990,-54.300,2.587,58.491,32.430
32.620,62.340,366.700,336.900,0.230,0.000,2.551,57.928,32.674
32.450,61.990,355.500,333.000,-0.170,-11.200,2.570,57.661,32.427
32.510,62.110,345.200,333.600,0.060,-10.300,2.566,58.145,32.342
32.370,61.670,349.300,335.100,-0.140,4.100,2.573,58.186,32.303
32.710,61.570,348.000,336.300,0.340,-1.300,2.667,58.891,32.636
32.840,61.080,345.800,333.800,0.130,-2.200,2.563,57.874,32.683
32.680,60.760,338.100,331.200,-0.160,-7.700,2.625,57.683,32.647
32.770,60.720,336.300,336.200,0.090,-1.800,2.688,58.924,32.585
32.820,61.050,331.600,328.400,0.050,-4.700,2.744,57.712,32.771
32.800,60.960,344.300,326.200,-0.020,12.700,2.684,57.780,32.733
32.890,61.050,332.100,325.900,0.090,-12.200,2.726,57.065,32.904
32.870,61.190,335.200,342.800,-0.020,3.100,2.814,57.736,32.833
32.900,60.700,324.300,335.400,0.030,-10.900,2.606,57.221,32.938
33.080,61.090,322.500,336.100,0.180,-1.800,2.599,58.316,32.970
33.290,60.610,328.200,337.600,0.210,5.700,2.616,58.072,33.304
33.400,60.100,340.000,332.400,0.110,11.800,2.623,58.385,33.357
33.500,59.840,347.500,341.800,0.100,7.500,2.572,56.988,33.290
33.240,59.590,337.900,349.800,-0.260,-9.600,2.639,58.818,33.118
33.420,59.510,347.500,352.000,0.180,9.600,2.621,58.908,33.451
33.170,59.740,346.800,342.500,-0.250,-0.700,2.632,58.022,33.117
33.220,59.110,342.700,337.300,0.050,-4.100,2.454,58.367,33.116
33.450,58.470,350.300,332.600,0.230,7.600,2.455,57.245,33.418
33.600,58.600,353.300,332.700,0.150,3.000,2.485,57.780,33.489
33.530,58.440,356.900,338.200,-0.070,3.600,2.435,57.660,33.464
33.610,58.570,359.200,354.000,0.080,2.300,2.390,58.771,33.631
33.490,58.200,356.800,357.000,-0.120,-2.400,2.326,57.714,33.429
33.430,58.000,345.200,359.600,-0.060,-11.600,2.321,58.630,33.464
33.380,58.000,343.500,347.400,-0.050,-1.700,2.348,58.503,33.364
33.310,58.220,340.200,335.700,-0.070,-3.300,2.278,58.296,33.201
33.180,58.320,339.300,352.700,-0.130,-0.900,2.339,57.661,33.193
33.260,58.560,334.800,348.900,0.080,-4.500,2.417,59.091,33.140
33.170,58.460,339.500,343.100,-0.090,4.700,2.407,57.876,33.189
33.340,58.700,352.900,346.300,0.170,13.400,2.278,57.782,33.245
33.380,58.130,343.300,340.600,0.040,-9.600,2.291,57.412,33.286
33.090,58.470,336.200,343.700,-0.290,-7.100,2.362,57.408,33.062
33.380,58.200,332.500,348.100,0.290,-3.700,2.297,59.005,33.349
33.400,58.120,344.000,351.700,0.020,11.500,2.327,59.055,33.333
33.350,58.080,352.400,343.700,-0.050,8.400,2.395,56.985,33.359
33.430,58.180,364.300,341.500,0.080,11.900,2.452,57.586,33.364
33.490,58.260,363.600,348.600,0.060,-0.700,2.315,57.291,33.428
33.720,58.000,360.700,349.000,0.230,-2.900,2.505,58.927,33.632
33.650,58.340,355.500,336.800,-0.070,-5.200,2.541,57.576,33.494
33.700,58.180,349.700,327.300,0.050,-5.800,2.530,57.234,33.637
33.780,58.000,347.900,331.400,0.080,-1.800,2.586,58.528,33.703
33.820,58.000,331.400,322.400,0.040,-16.500,2.643,58.161,33.772
33.870,58.220,323.400,329.700,0.050,-8.000,2.663,58.047,33.849
34.000,58.490,318.700,330.200,0.130,-4.700,2.584,58.519,33.833
34.000,58.770,308.700,323.100,0.000,-10.000,2.674,59.268,33.992
33.850,58.770,320.500,330.400,-0.150,11.800,2.695,58.530,33.681
33.950,58.480,309.900,325.500,0.100,-10.600,2.674,57.481,33.907
34.000,58.440,312.100,315.600,0.050,2.200,2.760,58.151,33.779
34.000,58.550,304.400,303.200,0.000,-7.700,2.622,57.528,33.883
33.850,58.320,300.000,309.000,-0.150,-4.400,2.815,57.767,33.786
33.970,58.350,301.400,309.900,0.120,1.400,2.708,58.249,33.860
33.690,58.310,300.000,314.400,-0.280,-1.400,2.673,58.549,33.462
33.560,58.140,303.800,315.300,-0.130,3.800,2.707,57.513,33.454
33.720,58.030,304.200,311.000,0.160,0.400,2.724,58.905,33.590
33.690,58.000,301.900,310.800,-0.030,-2.300,2.627,58.649,33.535
33.290,58.280,311.700,313.400,-0.400,9.800,2.707,57.052,33.262
33.520,58.440,306.400,322.400,0.230,-5.300,2.626,57.250,33.422
33.400,58.830,312.800,331.000,-0.120,6.400,2.584,58.877,33.408
33.640,58.720,301.100,331.100,0.240,-11.700,2.534,57.809,33.603
33.530,59.120,303.200,337.800,-0.110,2.100,2.602,57.860,33.380
33.660,59.470,300.000,340.900,0.130,-3.200,2.473,58.049,33.515
33.850,58.970,304.000,345.700,0.190,4.000,2.481,58.083,33.688
33.700,58.900,303.400,343.500,-0.150,-0.600,2.409,57.866,33.703
33.750,59.010,314.500,350.400,0.050,11.100,2.336,57.676,33.890
33.740,59.150,309.200,354.200,-0.010,-5.300,2.225,58.967,33.692
33.660,59.100,322.500,349.200,-0.080,13.300,2.352,57.961,33.549
33.840,58.960,326.100,347.600,0.180,3.600,2.303,58.154,33.915
33.830,58.920,324.100,343.400,-0.010,-2.000,2.292,57.469,33.787
33.890,58.980,325.200,340.700,0.060,1.100,2.194,57.815,33.920
33.970,58.790,325.200,342.700,0.080,0.000,2.258,58.748,33.812
34.000,58.390,320.200,349.800,0.030,-5.000,2.313,58.172,33.997
33.850,58.620,313.400,345.000,-0.150,-6.800,2.300,58.086,33.812
34.000,58.190,305.800,349.200,0.150,-7.600,2.209,57.714,33.786
33.910,58.000,313.300,357.700,-0.090,7.500,2.351,57.989,33.789
33.750,58.340,311.600,356.700,-0.160,-1.700,2.220,57.149,33.731
33.520,58.220,311.600,358.800,-0.230,0.000,2.325,57.019,33.436
33.180,58.190,309.100,359.200,-0.340,-2.500,2.475,58.187,33.133
33.170,58.000,313.000,357.600,-0.010,3.900,2.357,58.028,33.112
33.250,58.000,308.400,363.300,0.080,-4.600,2.617,57.987,33.305
33.160,58.000,323.000,364.300,-0.090,14.600,2.447,58.036,33.000
33.230,58.000,328.000,367.200,0.070,5.000,2.589,58.248,33.241
33.170,58.000,319.900,362.200,-0.060,-8.100,2.421,57.882,33.173
33.200,58.000,316.800,357.700,0.030,-3.100,2.542,58.095,33.057
33.380,58.080,329.700,355.400,0.180,12.900,2.572,57.942,33.306
33.410,58.190,323.100,351.700,0.030,-6.600,2.619,57.716,33.356
33.280,58.000,330.100,353.900,-0.130,7.000,2.605,57.876,33.294
33.120,58.000,328.000,348.500,-0.160,-2.100,2.624,57.511,32.961
33.030,58.000,348.100,337.000,-0.090,20.100,2.690,57.970,32.939
33.280,58.000,356.800,334.200,0.250,8.700,2.659,57.564,33.331
33.140,58.000,339.600,327.600,-0.140,-17.200,2.744,58.166,33.088
33.160,58.530,345.600,329.300,0.020,6.000,2.745,57.535,33.138
33.290,58.000,358.500,335.000,0.130,12.900,2.671,57.931,33.314
33.400,58.000,353.300,346.500,0.110,-5.200,2.653,58.151,33.197
33.460,58.000,351.700,349.300,0.060,-1.600,2.631,58.345,33.325
33.530,58.000,354.600,352.600,0.070,2.900,2.722,58.176,33.548
33.880,58.510,349.800,351.200,0.350,-4.800,2.631,57.804,33.758
33.970,58.350,347.600,366.400,0.090,-2.200,2.660,58.048,33.972
33.880,58.220,355.200,376.000,-0.090,7.600,2.563,58.037,33.847
33.810,58.140,354.900,377.400,-0.070,-0.300,2.505,57.583,33.596
33.970,58.460,361.400,380.000,0.160,6.500,2.569,58.132,34.019
34.000,58.410,361.900,380.000,0.030,0.500,2.456,57.737,33.852
34.000,58.060,362.400,380.000,0.000,0.500,2.452,57.467,33.903
33.890,58.570,355.100,379.400,-0.110,-7.300,2.532,57.517,33.561
33.880,58.570,352.000,380.000,-0.010,-3.100,2.400,58.406,33.741
33.620,58.290,356.800,380.000,-0.260,4.800,2.352,58.597,33.656
33.760,58.410,344.400,380.000,0.140,-12.400,2.380,58.341,33.776
33.630,58.190,350.600,380.000,-0.130,6.200,2.366,57.605,33.356
33.650,58.030,347.600,380.000,0.020,-3.000,2.296,58.068,33.603
33.640,58.000,358.600,380.000,-0.010,11.000,2.291,57.033,33.604
33.750,58.250,360.600,380.000,0.110,2.000,2.409,58.611,33.575
33.950,58.000,356.600,374.800,0.200,-4.000,2.234,58.023,33.810
33.840,58.740,364.700,365.200,-0.110,8.100,2.232,57.469,33.572
33.720,58.760,349.300,364.800,-0.120,-15.400,2.183,57.848,33.610
33.550,58.830,351.300,371.300,-0.170,2.000,2.397,58.428,33.354
33.570,58.550,353.200,366.000,0.020,1.900,2.266,57.515,33.434
33.700,58.220,331.100,366.100,0.130,-22.100,2.277,57.781,33.441
33.610,58.270,335.100,370.600,-0.090,4.000,2.318,58.106,33.536
33.680,58.430,341.500,370.100,0.070,6.400,2.309,58.360,33.579
33.820,58.000,336.100,380.000,0.140,-5.400,2.249,57.624,33.757
33.730,58.070,339.800,380.000,-0.090,3.700,2.380,58.282,33.557
33.320,58.370,337.700,380.000,-0.410,-2.100,2.420,57.271,33.223
33.340,58.350,332.800,379.900,0.020,-4.900,2.471,57.155,33.438
33.430,58.220,323.100,370.000,0.090,-9.700,2.570,57.149,33.308
33.390,58.190,327.300,363.100,-0.040,4.200,2.501,58.433,33.263
33.450,58.000,327.500,358.700,0.060,0.200,2.661,57.298,33.398
33.470,58.000,321.000,367.000,0.020,-6.500,2.673,58.326,33.385
33.370,58.000,334.500,364.100,-0.100,13.500,2.652,57.930,33.252
33.250,58.350,329.400,364.200,-0.120,-5.100,2.612,59.494,33.106
33.120,58.300,339.400,349.300,-0.130,10.000,2.694,58.239,32.989
33.070,58.610,352.100,352.200,-0.050,12.700,2.702,58.551,32.967
33.390,58.570,361.400,348.500,0.320,9.300,2.763,58.506,33.271
33.270,58.720,353.600,344.000,-0.120,-7.800,2.729,57.034,33.143
33.250,58.710,348.800,348.700,-0.020,-4.800,2.735,57.345,33.146
33.290,58.910,351.500,351.700,0.040,2.700,2.718,58.561,33.223
33.430,58.980,351.800,346.700,0.140,0.300,2.733,56.859,33.347
33.670,58.800,341.000,345.900,0.240,-10.800,2.807,57.875,33.644
33.680,58.380,347.400,342.800,0.010,6.400,2.770,57.675,33.606
33.900,58.000,355.000,338.200,0.220,7.600,2.687,58.218,33.777
33.810,58.080,361.800,340.100,-0.090,6.800,2.691,58.073,33.762
33.920,58.590,364.300,339.100,0.110,2.500,2.614,57.461,33.880
34.000,58.410,356.100,347.100,0.080,-8.200,2.482,57.881,33.875
33.970,58.750,356.400,357.500,-0.030,0.300,2.572,58.512,33.826
33.960,58.950,351.300,356.000,-0.010,-5.100,2.537,58.749,33.851
34.000,58.670,353.400,357.700,0.040,2.100,2.513,57.474,33.868
34.000,59.070,357.000,359.100,0.000,3.600,2.472,57.028,33.921
34.000,59.360,348.400,359.600,0.000,-8.600,2.468,58.620,33.908
34.000,59.290,349.100,354.300,0.000,0.700,2.450,57.997,33.853
33.860,59.690,352.300,340.700,-0.140,3.200,2.378,57.550,33.673
33.800,60.260,357.500,329.100,-0.060,5.200,2.343,58.490,33.762
33.880,60.430,368.600,336.700,0.080,11.100,2.361,58.561,33.830
33.820,60.580,355.000,341.700,-0.060,-13.600,2.348,57.271,33.606
33.930,61.200,353.600,344.900,0.110,-1.400,2.361,57.766,33.739
34.000,60.990,340.500,341.800,0.070,-13.100,2.301,59.134,33.865
34.000,61.030,350.900,346.600,0.000,10.400,2.226,57.713,33.998
33.960,60.840,345.700,338.500,-0.040,-5.200,2.204,58.781,33.965
34.000,60.950,343.300,331.400,0.040,-2.400,2.283,56.843,33.954
33.990,61.020,331.400,332.500,-0.010,-11.900,2.187,57.426,33.786
33.710,60.980,343.600,334.300,-0.280,12.200,2.314,58.698,33.578
33.680,61.520,334.800,330.100,-0.030,-8.800,2.369,58.660,33.648
33.760,61.320,326.600,344.000,0.080,-8.200,2.368,57.124,33.663
33.850,61.150,332.200,340.600,0.090,5.600,2.434,57.992,33.791
33.720,60.980,328.100,338.100,-0.130,-4.100,2.450,58.480,33.447
33.740,61.380,326.300,339.300,0.020,-1.800,2.489,58.744,33.596
33.860,61.270,333.400,335.500,0.120,7.100,2.524,57.787,33.749
34.000,61.260,322.400,336.700,0.140,-11.000,2.454,58.906,33.951
33.870,61.420,316.100,341.500,-0.130,-6.300,2.600,57.730,33.863
28.900,69.000,246.000,0.000,-4.970,-70.100,1.245,57.214,29.151
28.900,69.000,245.000,0.000,0.000,-1.000,1.203,56.922,28.988
28.900,69.000,245.000,0.000,0.000,0.000,1.187,56.917,29.027
29.000,69.000,246.000,0.000,0.100,1.000,1.284,56.785,29.129
29.000,69.000,246.000,0.000,0.000,0.000,1.166,56.760,29.034
29.000,69.000,246.000,0.000,0.000,0.000,1.233,57.140,29.139
29.000,69.000,246.000,0.000,0.000,0.000,1.189,57.367,29.249
29.000,69.000,246.000,0.000,0.000,0.000,1.245,57.171,29.042
29.000,69.000,246.000,0.000,0.000,0.000,1.227,56.845,29.192
29.000,69.000,246.000,0.000,0.000,0.000,1.251,57.140,29.119
28.900,69.000,180.000,0.000,-0.100,-66.000,1.068,56.454,28.985
28.900,69.000,222.000,0.000,0.000,42.000,1.143,56.828,29.114
28.900,69.000,246.000,0.000,0.000,24.000,1.221,57.017,28.999
28.900,69.000,256.000,0.000,0.000,10.000,1.304,57.294,28.946
28.900,69.000,259.000,0.000,0.000,3.000,1.210,57.341,29.085
28.900,69.000,258.000,0.000,0.000,-1.000,1.235,57.284,29.000
28.900,69.000,257.000,0.000,0.000,-1.000,1.243,57.255,29.130
28.900,69.000,256.000,0.000,0.000,-1.000,1.238,57.310,28.981
28.900,69.000,252.000,0.000,0.000,-4.000,1.208,57.106,29.057
28.900,69.000,252.000,0.000,0.000,0.000,1.223,57.493,28.891
28.900,69.000,250.000,0.000,0.000,-2.000,1.246,56.954,29.195
28.800,69.000,249.000,0.000,-0.100,-1.000,1.263,57.348,28.895
28.800,69.000,249.000,0.000,0.000,0.000,1.179,57.095,29.088
28.800,69.000,249.000,0.000,0.000,0.000,1.227,57.214,29.059
28.800,69.000,248.000,0.000,0.000,-1.000,1.191,57.308,28.871
28.800,69.000,248.000,0.000,0.000,0.000,1.139,56.862,28.966
28.800,69.000,259.000,0.000,0.000,11.000,1.230,57.490,28.929
28.800,69.000,249.000,0.000,0.000,-10.000,1.241,57.293,28.781
28.800,69.000,248.000,0.000,0.000,-1.000,1.274,57.063,28.970
28.800,69.000,248.000,0.000,0.000,0.000,1.226,57.233,29.005
28.800,69.000,248.000,0.000,0.000,0.000,1.170,57.210,28.880
28.800,69.000,248.000,0.000,0.000,0.000,1.191,56.894,29.044
28.800,69.000,248.000,0.000,0.000,0.000,1.216,57.086,28.890
28.800,69.000,247.000,0.000,0.000,-1.000,1.147,57.436,28.929
28.800,69.000,257.000,0.000,0.000,10.000,1.228,57.629,28.850
28.800,69.000,257.000,0.000,0.000,0.000,1.242,57.392,28.980
28.800,69.000,247.000,0.000,0.000,-10.000,1.214,57.156,29.053
28.800,69.000,247.000,0.000,0.000,0.000,1.231,56.885,28.967
28.800,69.000,248.000,0.000,0.000,1.000,1.241,57.143,28.815
28.800,69.000,247.000,0.000,0.000,-1.000,1.173,57.002,29.074
28.800,69.000,248.000,0.000,0.000,1.000,1.202,57.486,28.898
28.800,69.000,248.000,0.000,0.000,0.000,1.164,57.243,28.976
28.800,69.000,247.000,0.000,0.000,-1.000,1.180,57.409,28.937
28.800,69.000,247.000,0.000,0.000,0.000,1.212,57.027,28.947
28.800,69.000,247.000,0.000,0.000,0.000,1.223,57.294,28.990
28.800,69.000,247.000,0.000,0.000,0.000,1.134,57.117,28.915
28.800,69.000,256.000,0.000,0.000,9.000,1.217,56.968,29.050
28.800,69.000,247.000,0.000,0.000,-9.000,1.236,57.436,28.863
28.800,69.000,247.000,0.000,0.000,0.000,1.225,57.058,29.039
28.800,69.000,247.000,0.000,0.000,0.000,1.229,57.176,29.023
28.800,69.000,247.000,0.000,0.000,0.000,1.181,56.928,28.798
28.800,69.000,247.000,0.000,0.000,0.000,1.185,57.126,29.032
28.800,69.000,247.000,0.000,0.000,0.000,1.231,57.259,28.909
28.800,69.000,248.000,0.000,0.000,1.000,1.252,57.022,29.096
28.800,69.000,247.000,0.000,0.000,-1.000,1.163,57.363,28.939
28.800,69.000,247.000,0.000,0.000,0.000,1.215,57.261,28.923
28.800,69.000,247.000,0.000,0.000,0.000,1.201,57.079,28.998
28.800,69.000,246.000,0.000,0.000,-1.000,1.158,56.823,29.007
28.800,69.000,247.000,0.000,0.000,1.000,1.258,57.428,28.962
28.800,69.000,247.000,0.000,0.000,0.000,1.151,56.943,29.021
28.800,69.000,247.000,0.000,0.000,0.000,1.163,57.031,28.987
28.800,69.000,246.000,0.000,0.000,-1.000,1.217,56.953,28.860
28.800,69.000,246.000,0.000,0.000,0.000,1.206,56.605,28.851
28.800,69.000,247.000,0.000,0.000,1.000,1.192,56.955,28.913
28.800,69.000,247.000,0.000,0.000,0.000,1.167,57.089,29.044
28.800,69.000,247.000,0.000,0.000,0.000,1.181,57.286,28.941
28.800,69.000,247.000,0.000,0.000,0.000,1.164,57.313,29.054
28.800,69.000,247.000,0.000,0.000,0.000,1.235,57.253,28.963
28.800,69.000,247.000,0.000,0.000,0.000,1.255,57.061,28.987
28.800,69.000,247.000,0.000,0.000,0.000,1.210,57.043,29.005
28.800,69.000,247.000,0.000,0.000,0.000,1.113,56.769,28.898
28.800,69.000,247.000,0.000,0.000,0.000,1.283,57.012,29.055
28.800,69.000,248.000,0.000,0.000,1.000,1.191,56.710,28.919
28.800,69.000,247.000,0.000,0.000,-1.000,1.180,57.105,28.833
28.800,69.000,248.000,0.000,0.000,1.000,1.186,56.976,28.835
28.800,69.000,257.000,0.000,0.000,9.000,1.294,57.127,28.953
28.700,69.000,248.000,0.000,-0.100,-9.000,1.202,56.966,28.779
28.800,69.000,247.000,0.000,0.100,-1.000,1.161,56.837,28.935
28.800,69.000,247.000,0.000,0.000,0.000,1.195,57.153,29.063
28.800,69.000,246.000,0.000,0.000,-1.000,1.209,57.073,28.950
28.800,69.000,246.000,0.000,0.000,0.000,1.195,56.878,28.936
28.800,69.000,246.000,0.000,0.000,0.000,1.255,57.230,28.981
28.800,69.000,246.000,0.000,0.000,0.000,1.212,57.214,28.984
28.800,69.000,246.000,0.000,0.000,0.000,1.166,57.078,28.974
28.700,69.000,246.000,0.000,-0.100,0.000,1.129,57.151,28.876
28.700,69.000,246.000,0.000,0.000,0.000,1.133,56.803,28.950
28.700,69.000,247.000,0.000,0.000,1.000,1.168,57.163,28.845
28.700,69.000,247.000,0.000,0.000,0.000,1.213,57.165,28.902
28.700,69.000,247.000,0.000,0.000,0.000,1.138,57.001,28.807
28.700,69.000,246.000,0.000,0.000,-1.000,1.214,57.455,28.771
28.700,69.000,245.000,0.000,0.000,-1.000,1.228,57.156,28.890
28.700,69.000,245.000,0.000,0.000,0.000,1.222,57.143,29.019
28.700,69.000,246.000,0.000,0.000,1.000,1.143,57.469,28.882
28.700,69.000,247.000,0.000,0.000,1.000,1.222,57.181,28.821
28.700,69.000,245.000,0.000,0.000,-2.000,1.215,57.212,28.950
28.700,69.000,245.000,0.000,0.000,0.000,1.150,56.991,28.948
28.700,69.000,246.000,0.000,0.000,1.000,1.185,57.013,28.854
28.700,69.000,245.000,0.000,0.000,-1.000,1.206,57.106,28.800
28.700,69.000,244.000,0.000,0.000,-1.000,1.158,57.000,28.763
28.700,69.000,244.000,0.000,0.000,0.000,1.208,56.794,28.772
28.700,69.000,246.000,0.000,0.000,2.000,1.163,57.044,28.927
28.700,69.000,246.000,0.000,0.000,0.000,1.224,57.102,28.710
28.700,69.000,247.000,0.000,0.000,1.000,1.204,56.999,28.912
28.700,69.000,247.000,0.000,0.000,0.000,1.207,57.396,28.853
28.700,69.000,246.000,0.000,0.000,-1.000,1.149,56.981,28.833
28.700,69.000,245.000,0.000,0.000,-1.000,1.176,57.223,28.894
28.700,69.000,246.000,0.000,0.000,1.000,1.173,57.006,28.867
28.700,69.000,246.000,0.000,0.000,0.000,1.176,57.392,28.960
28.700,69.000,246.000,0.000,0.000,0.000,1.193,57.441,28.717
28.700,69.000,246.000,0.000,0.000,0.000,1.166,57.098,28.881
28.700,69.000,256.000,0.000,0.000,10.000,1.198,57.073,28.982
28.700,69.000,256.000,0.000,0.000,0.000,1.252,56.985,28.863
28.700,69.000,246.000,0.000,0.000,-10.000,1.212,57.076,28.894
28.700,69.000,245.000,0.000,0.000,-1.000,1.164,56.594,28.880
28.700,69.000,244.000,0.000,0.000,-1.000,1.173,57.486,28.908
28.700,69.000,244.000,0.000,0.000,0.000,1.189,57.161,28.857
28.700,69.000,244.000,0.000,0.000,0.000,1.192,57.046,28.747
28.700,69.000,245.000,0.000,0.000,1.000,1.182,56.889,28.862
28.700,69.000,246.000,0.000,0.000,1.000,1.199,57.264,28.826
28.700,69.000,246.000,0.000,0.000,0.000,1.148,56.840,28.917
28.700,69.000,246.000,0.000,0.000,0.000,1.132,56.801,28.849
28.700,69.000,246.000,0.000,0.000,0.000,1.215,56.938,28.786
28.700,69.000,245.000,0.000,0.000,-1.000,1.117,57.153,28.937
28.700,69.000,245.000,0.000,0.000,0.000,1.244,57.096,28.732
28.700,69.000,245.000,0.000,0.000,0.000,1.219,57.103,28.868
28.700,69.000,244.000,0.000,0.000,-1.000,1.250,57.199,28.882
28.700,69.000,245.000,0.000,0.000,1.000,1.178,56.658,28.932
28.600,69.000,246.000,0.000,-0.100,1.000,1.204,56.909,28.721
28.600,69.000,246.000,0.000,0.000,0.000,1.210,57.537,28.693
28.600,69.000,245.000,0.000,0.000,-1.000,1.193,56.748,28.780
28.600,69.000,246.000,0.000,0.000,1.000,1.165,57.356,28.842
28.700,69.000,246.000,0.000,0.100,0.000,1.165,57.177,28.831
28.600,69.000,246.000,0.000,-0.100,0.000,1.194,56.832,28.706
28.600,69.000,245.000,0.000,0.000,-1.000,1.158,57.072,28.740
28.600,69.000,246.000,0.000,0.000,1.000,1.167,56.741,28.975
28.600,69.000,245.000,0.000,0.000,-1.000,1.188,56.804,28.737
28.700,69.000,245.000,0.000,0.100,0.000,1.186,57.344,28.812
28.700,69.000,244.000,0.000,0.000,-1.000,1.214,57.156,28.748
28.700,69.000,245.000,0.000,0.000,1.000,1.179,57.226,28.915
28.700,69.000,244.000,0.000,0.000,-1.000,1.220,57.082,28.733
28.700,69.000,246.000,0.000,0.000,2.000,1.229,56.776,28.756
28.700,69.000,245.000,0.000,0.000,-1.000,1.191,57.010,28.882
28.700,69.000,245.000,0.000,0.000,0.000,1.160,57.262,28.869
28.700,69.000,246.000,0.000,0.000,1.000,1.206,57.126,28.883
28.700,69.000,246.000,0.000,0.000,0.000,1.202,57.410,28.815
28.700,69.000,246.000,0.000,0.000,0.000,1.229,57.433,28.826
28.700,69.000,246.000,0.000,0.000,0.000,1.217,56.927,28.883
28.700,69.000,246.000,0.000,0.000,0.000,1.207,56.963,28.817
28.700,69.000,245.000,0.000,0.000,-1.000,1.239,56.483,28.871
28.700,69.000,245.000,0.000,0.000,0.000,1.189,56.689,28.958
28.700,69.000,244.000,0.000,0.000,-1.000,1.179,57.066,28.725
28.700,69.000,244.000,0.000,0.000,0.000,1.176,56.850,28.939
28.700,69.000,244.000,0.000,0.000,0.000,1.208,57.247,28.763
28.800,69.000,244.000,0.000,0.100,0.000,1.164,56.796,28.942
28.700,69.000,245.000,0.000,-0.100,1.000,1.215,57.095,28.746
28.800,69.000,245.000,0.000,0.100,0.000,1.161,57.039,28.994
28.700,69.000,246.000,0.000,-0.100,1.000,1.129,56.976,28.813
28.800,69.000,245.000,0.000,0.100,-1.000,1.183,57.168,28.968
28.700,69.000,244.000,0.000,-0.100,-1.000,1.168,56.973,28.819
28.700,69.000,245.000,0.000,0.000,1.000,1.221,57.109,28.916
28.700,69.000,246.000,0.000,0.000,1.000,1.276,57.345,28.932
28.700,69.000,245.000,0.000,0.000,-1.000,1.185,56.938,28.881
28.700,69.000,244.000,0.000,0.000,-1.000,1.182,57.159,28.792
28.700,69.000,246.000,0.000,0.000,2.000,1.199,56.993,28.933
28.700,69.000,247.000,0.000,0.000,1.000,1.178,57.277,28.778
28.700,69.000,247.000,0.000,0.000,0.000,1.173,57.101,28.868
28.700,69.000,247.000,0.000,0.000,0.000,1.172,56.977,28.905
28.700,69.000,256.000,0.000,0.000,9.000,1.182,56.903,28.981
28.700,69.000,248.000,0.000,0.000,-8.000,1.184,57.333,28.855
28.800,69.000,247.000,0.000,0.100,-1.000,1.191,57.209,28.953
28.800,69.000,246.000,0.000,0.000,-1.000,1.243,57.171,29.051
28.800,69.000,247.000,0.000,0.000,1.000,1.192,56.779,28.847
28.800,69.000,246.000,0.000,0.000,-1.000,1.223,57.234,29.014
28.800,69.000,246.000,0.000,0.000,0.000,1.245,57.266,29.039
28.800,69.000,246.000,0.000,0.000,0.000,1.247,57.219,28.870
28.800,69.000,246.000,0.000,0.000,0.000,1.211,57.112,28.940
28.800,69.000,246.000,0.000,0.000,0.000,1.149,57.117,28.837
28.800,69.000,246.000,0.000,0.000,0.000,1.249,56.929,29.011
28.800,69.000,246.000,0.000,0.000,0.000,1.190,57.103,29.047
28.800,69.000,246.000,0.000,0.000,0.000,1.209,56.597,29.020
28.800,69.000,246.000,0.000,0.000,0.000,1.150,57.166,28.983
28.900,69.000,245.000,0.000,0.100,-1.000,1.232,57.140,28.905
28.900,69.000,245.000,0.000,0.000,0.000,1.157,56.912,28.923
28.900,69.000,245.000,0.000,0.000,0.000,1.197,57.158,29.090
28.900,69.000,246.000,0.000,0.000,1.000,1.228,57.142,29.075
28.900,69.000,246.000,0.000,0.000,0.000,1.215,57.162,28.983
28.900,69.000,246.000,0.000,0.000,0.000,1.229,57.255,29.137
28.900,69.000,245.000,0.000,0.000,-1.000,1.213,57.178,29.228
28.900,69.000,245.000,0.000,0.000,0.000,1.182,57.323,29.002
28.900,69.000,246.000,0.000,0.000,1.000,1.250,57.039,29.059
28.900,69.000,246.000,0.000,0.000,0.000,1.186,57.034,29.071
28.900,69.000,246.000,0.000,0.000,0.000,1.181,57.049,29.177
28.900,69.000,246.000,0.000,0.000,0.000,1.231,56.973,29.031
28.900,69.000,245.000,0.000,0.000,-1.000,1.157,56.935,29.030
28.900,69.000,245.000,0.000,0.000,0.000,1.287,57.332,29.129
28.900,69.000,246.000,0.000,0.000,1.000,1.234,57.292,29.073
28.900,69.000,244.000,0.000,0.000,-2.000,1.196,56.562,29.118
28.900,69.000,244.000,0.000,0.000,0.000,1.189,56.927,28.861
28.900,69.000,245.000,0.000,0.000,1.000,1.220,57.371,29.067
28.900,69.000,246.000,0.000,0.000,1.000,1.249,57.311,29.035
28.900,69.000,247.000,0.000,0.000,1.000,1.233,57.167,29.148
28.900,69.000,246.000,0.000,0.000,-1.000,1.245,56.935,29.123
28.900,69.000,246.000,0.000,0.000,0.000,1.243,57.075,28.998
28.900,69.000,246.000,0.000,0.000,0.000,1.242,57.000,28.932
28.900,69.000,247.000,0.000,0.000,1.000,1.196,56.938,29.114
28.900,69.000,247.000,0.000,0.000,0.000,1.182,57.099,29.122
28.900,69.000,247.000,0.000,0.000,0.000,1.193,57.442,29.046
28.900,69.000,246.000,0.000,0.000,-1.000,1.283,57.176,29.095
28.900,69.000,246.000,0.000,0.000,0.000,1.196,57.344,28.925
28.900,69.000,246.000,0.000,0.000,0.000,1.217,57.171,29.079
28.900,69.000,246.000,0.000,0.000,0.000,1.242,57.169,29.085
28.900,69.000,246.000,0.000,0.000,0.000,1.238,56.773,29.116
28.900,69.000,246.000,0.000,0.000,0.000,1.206,57.143,29.048
28.900,69.000,246.000,0.000,0.000,0.000,1.190,57.633,29.098
28.900,69.000,247.000,0.000,0.000,1.000,1.212,57.151,29.107
28.900,69.000,246.000,0.000,0.000,-1.000,1.238,57.135,29.011
28.900,69.000,247.000,0.000,0.000,1.000,1.255,57.159,29.059
28.900,69.000,246.000,0.000,0.000,-1.000,1.227,57.219,29.003
28.900,69.000,247.000,0.000,0.000,1.000,1.211,57.056,29.218
28.900,69.000,247.000,0.000,0.000,0.000,1.207,57.135,29.121
28.900,69.000,246.000,0.000,0.000,-1.000,1.159,57.178,29.093
28.900,69.000,247.000,0.000,0.000,1.000,1.193,56.812,29.095
28.900,69.000,247.000,0.000,0.000,0.000,1.231,56.900,28.901
28.800,69.000,247.000,0.000,-0.100,0.000,1.219,57.165,28.788
28.800,69.000,247.000,0.000,0.000,0.000,1.185,57.020,28.902
28.800,69.000,247.000,0.000,0.000,0.000,1.215,57.015,29.025
28.800,69.000,247.000,0.000,0.000,0.000,1.200,57.064,28.925
28.800,69.000,246.000,0.000,0.000,-1.000,1.223,56.786,28.897
28.800,69.000,246.000,0.000,0.000,0.000,1.174,57.332,28.949
28.800,69.000,246.000,0.000,0.000,0.000,1.216,57.200,28.896
28.800,69.000,246.000,0.000,0.000,0.000,1.178,56.944,28.985
28.800,69.000,246.000,0.000,0.000,0.000,1.225,57.464,28.972
28.800,69.000,247.000,0.000,0.000,1.000,1.204,57.024,28.967
28.800,69.000,247.000,0.000,0.000,0.000,1.170,57.215,28.903
28.800,69.000,247.000,0.000,0.000,0.000,1.271,57.127,28.899
28.800,69.000,247.000,0.000,0.000,0.000,1.228,57.026,28.871
28.800,69.000,247.000,0.000,0.000,0.000,1.157,56.992,28.928
28.800,69.000,247.000,0.000,0.000,0.000,1.189,57.080,29.042
28.800,69.000,247.000,0.000,0.000,0.000,1.191,57.028,29.107
28.800,69.000,247.000,0.000,0.000,0.000,1.224,57.628,28.901
28.800,69.000,247.000,0.000,0.000,0.000,1.203,56.903,28.899
28.800,69.000,247.000,0.000,0.000,0.000,1.245,57.354,29.103
28.800,69.000,247.000,0.000,0.000,0.000,1.188,57.033,28.772
28.800,69.000,247.000,0.000,0.000,0.000,1.196,57.016,29.033
28.800,69.000,247.000,0.000,0.000,0.000,1.190,57.184,28.873
28.800,69.000,247.000,0.000,0.000,0.000,1.241,56.775,28.990
28.800,69.000,246.000,0.000,0.000,-1.000,1.222,57.150,29.051
28.800,69.000,246.000,0.000,0.000,0.000,1.195,56.922,28.813
28.800,69.000,245.000,0.000,0.000,-1.000,1.192,57.257,28.928
28.800,69.000,246.000,0.000,0.000,1.000,1.191,57.354,28.937
28.800,69.000,246.000,0.000,0.000,0.000,1.226,56.717,28.975
28.800,69.000,247.000,0.000,0.000,1.000,1.249,57.088,28.829
28.800,69.000,247.000,0.000,0.000,0.000,1.202,57.249,28.878
28.800,69.000,247.000,0.000,0.000,0.000,1.144,56.751,28.824
28.800,69.000,247.000,0.000,0.000,0.000,1.210,57.090,28.882
28.800,69.000,247.000,0.000,0.000,0.000,1.191,57.005,29.005
28.800,69.000,247.000,0.000,0.000,0.000,1.207,57.124,28.910
28.800,69.000,247.000,0.000,0.000,0.000,1.251,57.090,28.943
28.800,69.000,246.000,0.000,0.000,-1.000,1.218,57.062,28.963
28.800,69.000,247.000,0.000,0.000,1.000,1.233,57.217,29.052
28.800,69.000,247.000,0.000,0.000,0.000,1.108,56.885,28.953
28.800,69.000,247.000,0.000,0.000,0.000,1.210,56.890,28.842
28.800,69.000,247.000,0.000,0.000,0.000,1.152,56.974,29.057
28.800,69.000,246.000,0.000,0.000,-1.000,1.202,57.285,29.014
28.800,69.000,247.000,0.000,0.000,1.000,1.248,57.204,29.107
28.800,69.000,246.000,0.000,0.000,-1.000,1.217,56.876,29.004
28.800,69.000,246.000,0.000,0.000,0.000,1.219,57.215,28.914
28.800,69.000,247.000,0.000,0.000,1.000,1.211,57.413,29.063
28.800,69.000,247.000,0.000,0.000,0.000,1.180,57.257,28.809
28.800,69.000,247.000,0.000,0.000,0.000,1.191,56.767,28.901
28.800,69.000,247.000,0.000,0.000,0.000,1.173,57.209,28.929
28.800,69.000,247.000,0.000,0.000,0.000,1.182,57.258,29.143
28.800,69.000,246.000,0.000,0.000,-1.000,1.241,57.197,29.138
28.800,69.000,246.000,0.000,0.000,0.000,1.244,56.949,28.950
28.800,69.000,248.000,0.000,0.000,2.000,1.169,57.170,29.068
28.800,69.000,247.000,0.000,0.000,-1.000,1.240,57.110,29.072
28.800,69.000,246.000,0.000,0.000,-1.000,1.209,57.062,28.886
28.800,69.000,247.000,0.000,0.000,1.000,1.165,56.769,29.058
28.800,69.000,247.000,0.000,0.000,0.000,1.213,56.951,28.789
28.800,69.000,247.000,0.000,0.000,0.000,1.207,57.283,28.970
28.800,69.000,247.000,0.000,0.000,0.000,1.195,57.098,28.913
28.800,69.000,246.000,0.000,0.000,-1.000,1.202,56.581,28.959
28.800,69.000,246.000,0.000,0.000,0.000,1.161,57.411,28.916
28.800,69.000,246.000,0.000,0.000,0.000,1.165,56.834,28.873
28.800,69.000,247.000,0.000,0.000,1.000,1.208,56.802,29.062
28.800,69.000,246.000,0.000,0.000,-1.000,1.253,57.102,29.052
28.800,69.000,246.000,0.000,0.000,0.000,1.210,57.308,29.027
28.700,69.000,247.000,0.000,-0.100,1.000,1.193,57.189,28.749
28.700,69.000,248.000,0.000,0.000,1.000,1.197,56.817,28.806
28.700,69.000,247.000,0.000,0.000,-1.000,1.179,57.026,28.947
28.700,69.000,247.000,0.000,0.000,0.000,1.235,57.268,28.809
28.700,69.000,248.000,0.000,0.000,1.000,1.172,57.273,28.814
28.700,69.000,246.000,0.000,0.000,-2.000,1.197,57.127,28.894
28.700,69.000,246.000,0.000,0.000,0.000,1.167,56.875,28.802
28.700,69.000,247.000,0.000,0.000,1.000,1.233,57.173,28.958
28.700,69.000,247.000,0.000,0.000,0.000,1.209,57.255,28.857
28.700,69.000,247.000,0.000,0.000,0.000,1.181,57.282,28.856
28.700,69.000,247.000,0.000,0.000,0.000,1.185,56.767,28.889
28.700,69.000,248.000,0.000,0.000,1.000,1.171,56.929,28.890
28.700,69.000,248.000,0.000,0.000,0.000,1.245,57.398,28.878
28.700,69.000,247.000,0.000,0.000,-1.000,1.179,57.291,28.661
28.700,69.000,247.000,0.000,0.000,0.000,1.183,57.219,28.787
28.700,69.000,248.000,0.000,0.000,1.000,1.140,56.962,29.015
28.800,69.000,247.000,0.000,0.100,-1.000,1.228,57.051,28.892
28.700,69.000,247.000,0.000,-0.100,0.000,1.156,56.957,28.724
28.700,69.000,247.000,0.000,0.000,0.000,1.177,57.649,28.760
28.700,69.000,247.000,0.000,0.000,0.000,1.152,56.965,28.918
28.800,69.000,248.000,0.000,0.100,1.000,1.193,57.115,28.993
28.800,69.000,249.000,0.000,0.000,1.000,1.200,56.994,28.872
28.800,69.000,249.000,0.000,0.000,0.000,1.188,57.292,28.896
28.800,69.000,248.000,0.000,0.000,-1.000,1.241,57.411,28.964
28.800,69.000,248.000,0.000,0.000,0.000,1.241,57.156,28.905
28.800,69.000,248.000,0.000,0.000,0.000,1.203,56.833,28.954
28.800,69.000,247.000,0.000,0.000,-1.000,1.142,57.591,28.889
28.800,69.000,247.000,0.000,0.000,0.000,1.189,56.539,29.003
28.800,69.000,247.000,0.000,0.000,0.000,1.208,56.863,28.942
28.800,69.000,247.000,0.000,0.000,0.000,1.210,56.996,29.038
28.800,69.000,246.000,0.000,0.000,-1.000,1.158,57.079,29.026
28.800,69.000,256.000,0.000,0.000,10.000,1.275,56.624,28.879
28.800,69.000,258.000,0.000,0.000,2.000,1.199,57.306,29.061
28.800,69.000,248.000,0.000,0.000,-10.000,1.221,56.869,29.091
28.800,69.000,247.000,0.000,0.000,-1.000,1.193,56.890,28.868
28.800,69.000,257.000,0.000,0.000,10.000,1.217,57.088,28.960
28.800,69.000,247.000,0.000,0.000,-10.000,1.204,56.734,28.929
28.800,69.000,246.000,0.000,0.000,-1.000,1.190,57.399,29.010
28.800,69.000,245.000,0.000,0.000,-1.000,1.197,56.956,28.843
28.800,69.000,246.000,0.000,0.000,1.000,1.172,56.779,28.898
28.800,69.000,247.000,0.000,0.000,1.000,1.194,57.202,28.989
28.700,69.000,173.000,0.000,-0.100,-74.000,1.041,56.008,28.874
28.700,69.000,224.000,0.000,0.000,51.000,1.105,56.763,28.793
28.700,69.000,264.000,0.000,0.000,40.000,1.254,57.444,28.868
28.700,69.000,267.000,0.000,0.000,3.000,1.216,57.185,28.776
28.700,69.000,274.000,0.000,0.000,7.000,1.227,57.570,28.911
28.900,69.000,270.000,0.000,0.200,-4.000,1.257,57.270,29.092
28.900,70.000,270.000,0.000,0.000,0.000,1.349,57.435,29.186
28.900,71.000,282.000,0.000,0.000,12.000,1.319,57.548,29.128
29.800,72.000,277.000,0.000,0.900,-5.000,1.418,57.982,29.885
29.500,75.000,274.000,0.000,-0.300,-3.000,1.370,57.970,29.670
29.200,76.000,276.000,0.000,-0.300,2.000,1.370,57.661,29.343
29.100,77.000,276.000,0.000,-0.100,0.000,1.333,57.758,29.148
29.100,78.000,272.000,0.000,0.000,-4.000,1.304,57.400,29.122
29.100,78.000,271.000,0.000,0.000,-1.000,1.256,57.231,29.280
29.100,77.000,282.000,0.000,0.000,11.000,1.330,57.507,29.269
29.000,77.000,272.000,0.000,-0.100,-10.000,1.332,57.365,29.210
29.000,77.000,269.000,0.000,0.000,-3.000,1.268,57.451,29.144
28.900,76.000,268.000,0.000,-0.100,-1.000,1.321,57.154,29.107
28.900,75.000,278.000,0.000,0.000,10.000,1.326,57.336,29.024
28.900,75.000,270.000,0.000,0.000,-8.000,1.254,57.150,28.975
28.900,74.000,278.000,0.000,0.000,8.000,1.335,57.875,29.183
28.900,74.000,268.000,0.000,0.000,-10.000,1.257,57.516,29.011
28.800,73.000,272.000,0.000,-0.100,4.000,1.229,57.219,29.050
28.800,72.000,272.000,0.000,0.000,0.000,1.296,57.401,28.981
28.800,72.000,272.000,0.000,0.000,0.000,1.281,57.262,28.887
28.800,72.000,271.000,0.000,0.000,-1.000,1.308,57.491,28.951
28.800,71.000,272.000,0.000,0.000,1.000,1.283,57.420,28.950
28.800,71.000,271.000,0.000,0.000,-1.000,1.315,57.452,28.930
28.800,71.000,270.000,0.000,0.000,-1.000,1.293,57.152,28.911
28.800,70.000,271.000,0.000,0.000,1.000,1.266,57.446,29.054
28.800,70.000,272.000,0.000,0.000,1.000,1.227,57.467,29.030
28.800,70.000,272.000,0.000,0.000,0.000,1.291,57.370,29.134
28.800,70.000,273.000,0.000,0.000,1.000,1.317,57.461,29.069
28.700,70.000,272.000,0.000,-0.100,-1.000,1.234,57.674,28.874
28.800,70.000,272.000,0.000,0.100,0.000,1.332,57.082,29.028
28.700,70.000,272.000,0.000,-0.100,0.000,1.239,57.646,28.914
28.700,70.000,272.000,0.000,0.000,0.000,1.316,57.518,28.946
28.700,70.000,273.000,0.000,0.000,1.000,1.228,57.420,28.837
28.700,70.000,274.000,0.000,0.000,1.000,1.249,57.115,28.905
28.700,70.000,274.000,0.000,0.000,0.000,1.254,57.295,28.879
28.700,70.000,274.000,0.000,0.000,0.000,1.262,57.417,28.796
28.700,70.000,273.000,0.000,0.000,-1.000,1.288,57.128,28.905
28.700,70.000,272.000,0.000,0.000,-1.000,1.242,57.274,28.924
28.700,69.000,274.000,0.000,0.000,2.000,1.299,57.449,28.797
28.700,69.000,276.000,0.000,0.000,2.000,1.267,57.401,28.948
28.700,69.000,276.000,0.000,0.000,0.000,1.273,57.489,28.933
28.700,69.000,274.000,0.000,0.000,-2.000,1.224,57.716,28.850
28.700,69.000,276.000,0.000,0.000,2.000,1.276,57.695,29.001
28.700,69.000,276.000,0.000,0.000,0.000,1.239,57.471,28.735
28.700,69.000,274.000,0.000,0.000,-2.000,1.223,57.630,28.839
28.700,69.000,274.000,0.000,0.000,0.000,1.277,57.391,28.880
28.700,70.000,274.000,0.000,0.000,0.000,1.269,57.715,28.952
28.700,70.000,276.000,0.000,0.000,2.000,1.219,57.455,28.866
28.700,70.000,276.000,0.000,0.000,0.000,1.244,57.584,29.007
28.800,70.000,277.000,0.000,0.100,1.000,1.301,57.437,29.090
28.800,70.000,277.000,0.000,0.000,0.000,1.260,57.117,28.956
28.800,70.000,276.000,0.000,0.000,-1.000,1.188,57.482,29.062
28.800,70.000,276.000,0.000,0.000,0.000,1.264,57.044,29.083
28.800,70.000,276.000,0.000,0.000,0.000,1.277,57.538,28.844
28.800,69.000,274.000,0.000,0.000,-2.000,1.235,57.617,28.896
28.800,69.000,274.000,0.000,0.000,0.000,1.255,57.318,29.063
28.800,69.000,274.000,0.000,0.000,0.000,1.266,57.771,28.980
28.800,69.000,274.000,0.000,0.000,0.000,1.232,57.547,29.030
28.800,69.000,273.000,0.000,0.000,-1.000,1.247,57.127,28.947
28.800,69.000,273.000,0.000,0.000,0.000,1.294,57.420,28.886
28.800,69.000,274.000,0.000,0.000,1.000,1.296,57.646,29.136
28.800,69.000,273.000,0.000,0.000,-1.000,1.211,57.388,28.886
28.800,69.000,276.000,0.000,0.000,3.000,1.299,57.292,28.847
28.800,69.000,280.000,0.000,0.000,4.000,1.206,57.502,29.073
28.800,69.000,282.000,0.000,0.000,2.000,1.291,58.109,28.851
28.800,69.000,286.000,0.000,0.000,4.000,1.321,57.652,29.097
28.700,69.000,282.000,0.000,-0.100,-4.000,1.265,57.657,28.903
28.700,69.000,288.000,0.000,0.000,6.000,1.286,57.854,28.957
28.800,69.000,292.000,0.000,0.100,4.000,1.325,57.891,28.912
28.700,69.000,296.000,0.000,-0.100,4.000,1.317,57.667,28.864
28.700,69.000,296.000,0.000,0.000,0.000,1.305,57.775,28.907
28.700,69.000,290.000,0.000,0.000,-6.000,1.334,57.841,28.900
28.700,69.000,300.000,0.000,0.000,10.000,1.376,57.552,28.960
28.700,69.000,277.000,0.000,0.000,-23.000,1.314,57.235,28.885
28.700,69.000,283.000,0.000,0.000,6.000,1.346,57.462,28.875
28.700,69.000,274.000,0.000,0.000,-9.000,1.214,57.419,28.800
28.700,69.000,294.000,0.000,0.000,20.000,1.347,57.800,28.849
28.700,69.000,294.000,0.000,0.000,0.000,1.337,57.919,28.934
28.700,69.000,282.000,0.000,0.000,-12.000,1.295,57.637,28.699
28.700,69.000,270.000,0.000,0.000,-12.000,1.255,57.267,28.826
28.700,69.000,274.000,0.000,0.000,4.000,1.286,57.213,28.861
28.700,69.000,270.000,0.000,0.000,-4.000,1.270,57.680,28.896
28.700,69.000,268.000,0.000,0.000,-2.000,1.258,57.093,28.963
28.700,69.000,267.000,0.000,0.000,-1.000,1.238,57.269,28.877
28.700,69.000,267.000,0.000,0.000,0.000,1.231,56.965,28.778
28.700,69.000,267.000,0.000,0.000,0.000,1.273,57.439,28.719
28.700,69.000,267.000,0.000,0.000,0.000,1.234,57.351,28.998
28.700,69.000,266.000,0.000,0.000,-1.000,1.205,57.428,28.808
28.700,69.000,276.000,0.000,0.000,10.000,1.264,57.573,28.969
28.700,69.000,266.000,0.000,0.000,-10.000,1.208,56.873,28.853
28.700,69.000,266.000,0.000,0.000,0.000,1.281,57.602,28.836
28.700,69.000,266.000,0.000,0.000,0.000,1.196,57.810,28.844
28.700,69.000,267.000,0.000,0.000,1.000,1.233,57.272,28.837
28.700,69.000,267.000,0.000,0.000,0.000,1.218,56.970,28.930
28.700,69.000,265.000,0.000,0.000,-2.000,1.149,57.658,28.860
28.700,69.000,267.000,0.000,0.000,2.000,1.177,57.120,28.744
28.700,69.000,266.000,0.000,0.000,-1.000,1.270,57.281,28.963
28.700,69.000,267.000,0.000,0.000,1.000,1.211,56.862,28.803
28.700,69.000,266.000,0.000,0.000,-1.000,1.266,57.474,28.801
28.700,69.000,266.000,0.000,0.000,0.000,1.230,57.347,28.851
28.700,69.000,266.000,0.000,0.000,0.000,1.236,57.309,28.938
28.700,69.000,266.000,0.000,0.000,0.000,1.218,57.526,28.872
28.700,69.000,267.000,0.000,0.000,1.000,1.221,57.321,28.763
28.700,69.000,266.000,0.000,0.000,-1.000,1.233,57.392,29.025
28.700,69.000,265.000,0.000,0.000,-1.000,1.236,57.029,28.894
28.700,69.000,264.000,0.000,0.000,-1.000,1.281,57.474,28.912
28.700,69.000,265.000,0.000,0.000,1.000,1.229,57.394,28.819
28.700,69.000,264.000,0.000,0.000,-1.000,1.279,57.505,29.003
28.700,69.000,262.000,0.000,0.000,-2.000,1.213,57.170,28.778
28.700,69.000,264.000,0.000,0.000,2.000,1.198,57.508,28.851
28.700,69.000,264.000,0.000,0.000,0.000,1.237,57.031,28.866
28.700,69.000,264.000,0.000,0.000,0.000,1.192,57.155,28.862
28.700,69.000,274.000,0.000,0.000,10.000,1.248,57.412,28.981
28.700,69.000,265.000,0.000,0.000,-9.000,1.249,57.396,28.749
28.700,69.000,265.000,0.000,0.000,0.000,1.236,57.261,28.964
28.700,69.000,265.000,0.000,0.000,0.000,1.193,57.405,28.891
28.700,69.000,274.000,0.000,0.000,9.000,1.268,57.372,28.891
28.700,69.000,274.000,0.000,0.000,0.000,1.227,57.547,28.883
28.700,69.000,264.000,0.000,0.000,-10.000,1.325,57.046,28.870
28.700,69.000,262.000,0.000,0.000,-2.000,1.245,56.923,28.934
28.700,69.000,274.000,0.000,0.000,12.000,1.229,57.414,28.982
28.800,69.000,264.000,0.000,0.100,-10.000,1.286,57.585,28.944
28.900,71.000,264.000,0.000,0.100,0.000,1.284,57.406,29.126
28.800,72.000,261.000,0.000,-0.100,-3.000,1.202,57.006,28.901
28.800,73.000,264.000,0.000,0.000,3.000,1.214,57.448,28.837
28.800,74.000,262.000,0.000,0.000,-2.000,1.238,57.325,29.080
28.800,74.000,265.000,0.000,0.000,3.000,1.269,57.246,28.965
28.800,73.000,264.000,0.000,0.000,-1.000,1.265,57.752,28.997
28.700,73.000,264.000,0.000,-0.100,0.000,1.235,56.883,28.818
28.700,72.000,265.000,0.000,0.000,1.000,1.262,57.388,28.805
28.700,72.000,264.000,0.000,0.000,-1.000,1.191,57.449,28.782
28.700,71.000,277.000,0.000,0.000,13.000,1.240,57.459,28.792
28.700,71.000,262.000,0.000,0.000,-15.000,1.221,57.572,28.971
28.700,71.000,265.000,0.000,0.000,3.000,1.235,57.544,28.895
28.700,71.000,259.000,0.000,0.000,-6.000,1.218,56.852,28.945
28.700,70.000,265.000,0.000,0.000,6.000,1.221,57.356,28.866
28.700,70.000,257.000,0.000,0.000,-8.000,1.233,57.358,28.868
28.700,70.000,259.000,0.000,0.000,2.000,1.198,57.299,28.816
28.700,70.000,257.000,0.000,0.000,-2.000,1.244,57.242,29.125
28.700,70.000,266.000,0.000,0.000,9.000,1.243,57.111,28.817
28.700,70.000,262.000,0.000,0.000,-4.000,1.251,57.159,28.790
28.700,70.000,264.000,0.000,0.000,2.000,1.209,57.175,28.770
28.700,70.000,265.000,0.000,0.000,1.000,1.263,56.937,28.770
28.700,70.000,262.000,0.000,0.000,-3.000,1.254,57.209,28.871
28.700,70.000,262.000,0.000,0.000,0.000,1.219,57.172,28.912
28.700,70.000,264.000,0.000,0.000,2.000,1.236,57.651,28.894
28.700,70.000,264.000,0.000,0.000,0.000,1.224,57.320,28.937
28.700,70.000,264.000,0.000,0.000,0.000,1.255,57.231,28.945
28.700,70.000,262.000,0.000,0.000,-2.000,1.234,57.320,28.710
28.700,70.000,261.000,0.000,0.000,-1.000,1.210,57.180,28.906
28.700,70.000,262.000,0.000,0.000,1.000,1.233,57.515,28.813
28.700,70.000,274.000,0.000,0.000,12.000,1.179,57.396,28.802
28.700,70.000,266.000,0.000,0.000,-8.000,1.266,57.005,28.874
28.700,70.000,262.000,0.000,0.000,-4.000,1.230,57.181,28.853
28.700,70.000,264.000,0.000,0.000,2.000,1.207,57.260,28.751
28.800,70.000,264.000,0.000,0.100,0.000,1.275,57.377,28.953
28.700,70.000,262.000,0.000,-0.100,-2.000,1.273,56.941,28.801
28.700,70.000,262.000,0.000,0.000,0.000,1.172,57.271,28.896
28.700,70.000,262.000,0.000,0.000,0.000,1.199,57.517,28.959
28.800,69.000,262.000,0.000,0.100,0.000,1.253,57.381,28.851
28.800,69.000,262.000,0.000,0.000,0.000,1.278,57.554,28.927
28.800,69.000,261.000,0.000,0.000,-1.000,1.247,57.657,29.129
28.800,69.000,262.000,0.000,0.000,1.000,1.267,56.799,28.966
28.800,69.000,261.000,0.000,0.000,-1.000,1.247,57.514,28.891
28.800,69.000,262.000,0.000,0.000,1.000,1.242,57.133,28.994
28.800,69.000,264.000,0.000,0.000,2.000,1.347,57.691,28.938
28.800,69.000,264.000,0.000,0.000,0.000,1.249,57.260,29.031
28.800,69.000,262.000,0.000,0.000,-2.000,1.249,57.194,28.947
28.800,69.000,264.000,0.000,0.000,2.000,1.255,57.373,28.969
28.800,69.000,262.000,0.000,0.000,-2.000,1.266,57.019,29.044
28.800,69.000,264.000,0.000,0.000,2.000,1.216,57.308,28.995
28.800,69.000,264.000,0.000,0.000,0.000,1.214,57.152,28.992
28.800,69.000,264.000,0.000,0.000,0.000,1.250,57.231,28.967
28.800,69.000,264.000,0.000,0.000,0.000,1.246,57.497,28.984
28.800,69.000,262.000,0.000,0.000,-2.000,1.225,56.888,28.869
28.800,69.000,262.000,0.000,0.000,0.000,1.238,57.268,29.102
28.800,69.000,262.000,0.000,0.000,0.000,1.247,57.308,28.870
28.800,69.000,261.000,0.000,0.000,-1.000,1.206,57.088,29.076
28.800,69.000,261.000,0.000,0.000,0.000,1.194,57.018,28.983
28.800,69.000,261.000,0.000,0.000,0.000,1.275,57.248,29.069
28.800,69.000,261.000,0.000,0.000,0.000,1.256,57.330,28.897
28.800,69.000,261.000,0.000,0.000,0.000,1.255,57.321,28.908
28.800,69.000,262.000,0.000,0.000,1.000,1.282,57.099,28.874
28.700,69.000,262.000,0.000,-0.100,0.000,1.215,57.415,28.867
28.700,69.000,264.000,0.000,0.000,2.000,1.260,57.160,28.903
28.700,69.000,262.000,0.000,0.000,-2.000,1.315,57.109,28.930
28.700,69.000,262.000,0.000,0.000,0.000,1.271,57.003,28.754
28.700,69.000,262.000,0.000,0.000,0.000,1.239,57.146,28.891
28.700,69.000,261.000,0.000,0.000,-1.000,1.214,57.175,28.810
28.700,69.000,262.000,0.000,0.000,1.000,1.254,57.282,28.915
28.700,69.000,255.000,0.000,0.000,-7.000,1.257,56.816,28.753
28.700,69.000,255.000,0.000,0.000,0.000,1.189,57.094,28.890
28.700,69.000,265.000,0.000,0.000,10.000,1.267,57.143,29.090
28.700,69.000,255.000,0.000,0.000,-10.000,1.191,57.392,28.763
28.700,69.000,255.000,0.000,0.000,0.000,1.166,57.013,29.023
28.700,69.000,256.000,0.000,0.000,1.000,1.198,56.961,28.840
28.700,69.000,257.000,0.000,0.000,1.000,1.216,57.732,28.918
28.700,69.000,256.000,0.000,0.000,-1.000,1.178,57.222,28.953
28.700,69.000,255.000,0.000,0.000,-1.000,1.211,57.101,28.824
28.700,69.000,256.000,0.000,0.000,1.000,1.131,57.210,28.943
28.700,69.000,255.000,0.000,0.000,-1.000,1.204,57.171,28.667
28.700,69.000,255.000,0.000,0.000,0.000,1.150,57.415,28.837
28.700,69.000,256.000,0.000,0.000,1.000,1.225,57.521,28.954
28.700,69.000,256.000,0.000,0.000,0.000,1.171,57.479,28.967
28.700,69.000,255.000,0.000,0.000,-1.000,1.217,57.009,28.965
28.700,69.000,255.000,0.000,0.000,0.000,1.260,56.962,28.843
28.700,69.000,255.000,0.000,0.000,0.000,1.222,57.349,28.804
28.700,69.000,255.000,0.000,0.000,0.000,1.149,57.209,28.932
28.700,69.000,255.000,0.000,0.000,0.000,1.201,57.197,28.847
28.700,69.000,256.000,0.000,0.000,1.000,1.245,57.414,28.851
28.700,69.000,256.000,0.000,0.000,0.000,1.174,56.894,28.884
28.700,69.000,256.000,0.000,0.000,0.000,1.206,56.863,28.896
28.700,69.000,255.000,0.000,0.000,-1.000,1.273,56.811,28.900
28.700,69.000,256.000,0.000,0.000,1.000,1.244,56.989,28.860
28.700,69.000,255.000,0.000,0.000,-1.000,1.213,57.122,28.855
28.700,69.000,255.000,0.000,0.000,0.000,1.195,56.944,28.747
28.700,69.000,255.000,0.000,0.000,0.000,1.236,57.041,28.932
28.700,69.000,254.000,0.000,0.000,-1.000,1.213,57.294,28.847
28.700,69.000,254.000,0.000,0.000,0.000,1.199,57.087,29.017
28.700,69.000,255.000,0.000,0.000,1.000,1.241,57.066,28.867
28.700,70.000,255.000,0.000,0.000,0.000,1.251,57.203,28.965
28.700,70.000,254.000,0.000,0.000,-1.000,1.180,57.144,28.804
28.700,70.000,254.000,0.000,0.000,0.000,1.170,56.761,28.854
28.700,70.000,254.000,0.000,0.000,0.000,1.227,57.284,28.846
28.700,70.000,254.000,0.000,0.000,0.000,1.209,56.757,28.942
28.700,70.000,253.000,0.000,0.000,-1.000,1.245,57.085,28.812
28.700,70.000,254.000,0.000,0.000,1.000,1.187,57.219,28.837
28.700,70.000,262.000,0.000,0.000,8.000,1.198,57.403,28.831
28.700,70.000,254.000,0.000,0.000,-8.000,1.188,57.186,29.009
28.700,70.000,254.000,0.000,0.000,0.000,1.215,57.326,28.707
28.700,70.000,253.000,0.000,0.000,-1.000,1.226,56.874,28.755
28.700,70.000,253.000,0.000,0.000,0.000,1.197,56.979,28.914
28.700,70.000,253.000,0.000,0.000,0.000,1.215,57.394,28.866
28.700,70.000,253.000,0.000,0.000,0.000,1.170,56.837,28.923
28.700,70.000,253.000,0.000,0.000,0.000,1.230,57.180,28.820
28.700,70.000,254.000,0.000,0.000,1.000,1.234,56.884,28.734
28.700,70.000,253.000,0.000,0.000,-1.000,1.206,56.770,28.989
28.700,70.000,252.000,0.000,0.000,-1.000,1.189,56.748,28.837
28.700,70.000,249.000,0.000,0.000,-3.000,1.160,57.432,28.783
28.700,70.000,249.000,0.000,0.000,0.000,1.204,57.161,28.923
28.700,70.000,250.000,0.000,0.000,1.000,1.217,57.039,28.836
28.700,70.000,253.000,0.000,0.000,3.000,1.175,57.195,29.011
28.700,70.000,254.000,0.000,0.000,1.000,1.189,57.140,28.742
28.700,70.000,253.000,0.000,0.000,-1.000,1.226,57.166,29.062
28.700,70.000,253.000,0.000,0.000,0.000,1.225,57.204,28.794
28.700,70.000,254.000,0.000,0.000,1.000,1.218,57.269,28.865
28.700,70.000,254.000,0.000,0.000,0.000,1.139,57.417,28.757
28.700,70.000,254.000,0.000,0.000,0.000,1.190,57.208,28.888
28.700,70.000,254.000,0.000,0.000,0.000,1.229,56.928,28.942
28.700,70.000,254.000,0.000,0.000,0.000,1.215,56.857,28.837
28.700,70.000,255.000,0.000,0.000,1.000,1.191,56.957,28.877
28.700,70.000,256.000,0.000,0.000,1.000,1.223,57.169,28.841
28.700,70.000,256.000,0.000,0.000,0.000,1.231,57.508,28.742
28.700,70.000,256.000,0.000,0.000,0.000,1.174,57.203,28.899
28.700,70.000,264.000,0.000,0.000,8.000,1.211,56.997,28.995
28.700,70.000,266.000,0.000,0.000,2.000,1.300,57.146,29.026
28.700,70.000,256.000,0.000,0.000,-10.000,1.184,57.060,28.815
28.700,70.000,255.000,0.000,0.000,-1.000,1.231,57.051,28.817
28.700,70.000,254.000,0.000,0.000,-1.000,1.227,57.125,28.724
28.700,70.000,253.000,0.000,0.000,-1.000,1.209,56.908,28.790
28.700,70.000,253.000,0.000,0.000,0.000,1.191,57.219,28.879
28.700,70.000,254.000,0.000,0.000,1.000,1.241,57.244,28.798
28.700,70.000,264.000,0.000,0.000,10.000,1.277,57.133,28.884
28.700,70.000,254.000,0.000,0.000,-10.000,1.197,57.094,28.876
28.700,70.000,253.000,0.000,0.000,-1.000,1.212,57.102,28.928
28.700,70.000,253.000,0.000,0.000,0.000,1.180,56.920,28.861
28.700,70.000,253.000,0.000,0.000,0.000,1.148,57.183,28.874
28.700,70.000,253.000,0.000,0.000,0.000,1.181,57.353,28.834
28.700,70.000,254.000,0.000,0.000,1.000,1.274,57.057,28.887
28.700,70.000,254.000,0.000,0.000,0.000,1.220,57.031,28.723
28.700,70.000,262.000,0.000,0.000,8.000,1.241,57.075,28.980
28.700,70.000,253.000,0.000,0.000,-9.000,1.265,57.290,28.943
28.700,70.000,253.000,0.000,0.000,0.000,1.182,56.900,28.823
28.700,70.000,253.000,0.000,0.000,0.000,1.199,57.078,28.671
28.700,70.000,253.000,0.000,0.000,0.000,1.219,57.443,28.890
28.700,70.000,253.000,0.000,0.000,0.000,1.227,56.988,28.816
28.700,70.000,253.000,0.000,0.000,0.000,1.231,57.533,28.860
28.700,70.000,253.000,0.000,0.000,0.000,1.241,56.870,28.838
28.700,70.000,253.000,0.000,0.000,0.000,1.219,56.930,28.956
28.700,70.000,253.000,0.000,0.000,0.000,1.197,57.249,28.835
28.600,70.000,253.000,0.000,-0.100,0.000,1.203,56.999,28.610
28.600,70.000,254.000,0.000,0.000,1.000,1.165,57.269,28.686
28.600,70.000,253.000,0.000,0.000,-1.000,1.198,57.027,28.798
28.700,70.000,253.000,0.000,0.100,0.000,1.182,56.916,28.811
28.600,70.000,253.000,0.000,-0.100,0.000,1.184,57.190,28.758
28.600,70.000,254.000,0.000,0.000,1.000,1.199,56.892,28.694
28.600,70.000,254.000,0.000,0.000,0.000,1.190,57.115,28.911
28.600,70.000,254.000,0.000,0.000,0.000,1.203,57.224,28.815
28.600,70.000,254.000,0.000,0.000,0.000,1.242,56.732,28.698
28.600,70.000,253.000,0.000,0.000,-1.000,1.148,57.429,28.834
28.600,70.000,253.000,0.000,0.000,0.000,1.224,57.011,28.774
28.600,70.000,252.000,0.000,0.000,-1.000,1.230,56.853,28.788
28.600,70.000,250.000,0.000,0.000,-2.000,1.172,57.394,28.864
28.600,70.000,252.000,0.000,0.000,2.000,1.152,57.168,28.765
28.600,70.000,253.000,0.000,0.000,1.000,1.213,57.391,28.780
28.600,70.000,253.000,0.000,0.000,0.000,1.149,56.914,28.603
28.600,70.000,253.000,0.000,0.000,0.000,1.208,57.196,28.816
28.600,70.000,188.000,0.000,0.000,-65.000,1.045,56.213,28.853
28.600,70.000,233.000,0.000,0.000,45.000,1.195,56.873,28.697
28.600,70.000,257.000,0.000,0.000,24.000,1.261,56.812,28.717
28.600,70.000,267.000,0.000,0.000,10.000,1.217,57.174,28.820
28.600,70.000,269.000,0.000,0.000,2.000,1.236,57.125,28.992
28.600,70.000,268.000,0.000,0.000,-1.000,1.240,57.070,28.845
28.600,70.000,267.000,0.000,0.000,-1.000,1.179,57.028,28.732
28.600,70.000,267.000,0.000,0.000,0.000,1.230,57.015,28.646
28.600,70.000,265.000,0.000,0.000,-2.000,1.205,57.265,28.713
28.700,70.000,264.000,0.000,0.100,-1.000,1.212,57.312,28.873
28.700,70.000,262.000,0.000,0.000,-2.000,1.157,57.546,28.927
28.700,70.000,262.000,0.000,0.000,0.000,1.211,57.538,28.816
28.700,70.000,262.000,0.000,0.000,0.000,1.255,57.135,28.834
28.700,70.000,262.000,0.000,0.000,0.000,1.240,57.171,28.835
28.700,70.000,261.000,0.000,0.000,-1.000,1.212,57.270,28.714
28.700,70.000,261.000,0.000,0.000,0.000,1.290,57.333,28.795
28.700,70.000,260.000,0.000,0.000,-1.000,1.253,57.146,28.958
28.700,70.000,259.000,0.000,0.000,-1.000,1.225,57.343,28.901
28.700,70.000,259.000,0.000,0.000,0.000,1.213,57.290,28.821
28.700,70.000,259.000,0.000,0.000,0.000,1.271,57.215,28.849
28.700,70.000,259.000,0.000,0.000,0.000,1.212,57.102,28.713
28.700,70.000,261.000,0.000,0.000,2.000,1.212,57.134,28.908
28.700,70.000,259.000,0.000,0.000,-2.000,1.231,57.267,28.928
28.700,70.000,259.000,0.000,0.000,0.000,1.229,57.075,28.790
28.700,70.000,257.000,0.000,0.000,-2.000,1.211,57.170,28.979
28.700,70.000,257.000,0.000,0.000,0.000,1.212,57.092,28.909
28.700,70.000,257.000,0.000,0.000,0.000,1.207,57.466,28.649
28.700,70.000,257.000,0.000,0.000,0.000,1.238,56.964,28.849
28.700,70.000,257.000,0.000,0.000,0.000,1.232,57.221,28.727
28.600,70.000,257.000,0.000,-0.100,0.000,1.220,57.295,28.616
28.600,70.000,257.000,0.000,0.000,0.000,1.222,57.332,28.851
28.600,70.000,257.000,0.000,0.000,0.000,1.214,56.780,28.833
28.600,70.000,257.000,0.000,0.000,0.000,1.187,57.186,28.718
28.600,70.000,256.000,0.000,0.000,-1.000,1.172,57.193,28.877
28.600,70.000,257.000,0.000,0.000,1.000,1.226,56.926,28.698
28.600,70.000,256.000,0.000,0.000,-1.000,1.231,56.842,28.668
28.600,70.000,256.000,0.000,0.000,0.000,1.159,57.263,28.723
28.600,70.000,256.000,0.000,0.000,0.000,1.182,57.339,28.728
28.600,70.000,254.000,0.000,0.000,-2.000,1.148,57.405,28.850
28.600,70.000,255.000,0.000,0.000,1.000,1.239,56.979,28.701
28.600,70.000,255.000,0.000,0.000,0.000,1.212,57.022,28.649
28.600,70.000,255.000,0.000,0.000,0.000,1.238,56.935,28.787
28.600,70.000,255.000,0.000,0.000,0.000,1.216,56.963,28.896
28.600,70.000,255.000,0.000,0.000,0.000,1.169,56.857,28.789
28.600,70.000,254.000,0.000,0.000,-1.000,1.199,57.264,28.748
28.600,70.000,255.000,0.000,0.000,1.000,1.202,57.343,28.848
28.600,70.000,255.000,0.000,0.000,0.000,1.188,57.146,28.635
28.600,70.000,255.000,0.000,0.000,0.000,1.186,57.058,28.898
28.600,70.000,254.000,0.000,0.000,-1.000,1.176,57.159,28.785
28.600,70.000,255.000,0.000,0.000,1.000,1.159,57.089,28.719
28.600,70.000,254.000,0.000,0.000,-1.000,1.170,56.810,28.756
28.600,70.000,253.000,0.000,0.000,-1.000,1.249,56.645,28.716
28.600,70.000,252.000,0.000,0.000,-1.000,1.180,57.015,28.709
28.600,70.000,252.000,0.000,0.000,0.000,1.186,57.289,28.651
28.600,70.000,253.000,0.000,0.000,1.000,1.195,56.840,28.676
28.600,70.000,254.000,0.000,0.000,1.000,1.140,56.834,28.834
28.600,70.000,253.000,0.000,0.000,-1.000,1.237,57.286,28.687
28.600,70.000,253.000,0.000,0.000,0.000,1.183,57.158,28.820
28.600,70.000,253.000,0.000,0.000,0.000,1.190,56.865,28.786
28.600,70.000,254.000,0.000,0.000,1.000,1.233,57.152,28.693
28.600,70.000,253.000,0.000,0.000,-1.000,1.170,57.059,28.732
28.700,70.000,253.000,0.000,0.100,0.000,1.220,57.158,28.985
28.700,70.000,253.000,0.000,0.000,0.000,1.194,56.918,28.692
28.700,70.000,253.000,0.000,0.000,0.000,1.231,57.246,28.779
28.700,70.000,252.000,0.000,0.000,-1.000,1.253,57.295,28.804
28.700,70.000,252.000,0.000,0.000,0.000,1.151,56.927,28.965
28.700,70.000,249.000,0.000,0.000,-3.000,1.197,57.081,28.820
28.700,70.000,252.000,0.000,0.000,3.000,1.195,56.954,28.773
28.700,70.000,253.000,0.000,0.000,1.000,1.215,57.372,28.858
28.700,70.000,254.000,0.000,0.000,1.000,1.214,56.861,28.946
28.700,70.000,254.000,0.000,0.000,0.000,1.262,56.981,28.845
28.700,70.000,253.000,0.000,0.000,-1.000,1.235,57.160,28.861
28.700,70.000,254.000,0.000,0.000,1.000,1.162,57.344,28.908
28.700,70.000,254.000,0.000,0.000,0.000,1.250,56.854,28.847
28.700,70.000,254.000,0.000,0.000,0.000,1.217,56.998,28.952
28.700,70.000,253.000,0.000,0.000,-1.000,1.248,57.127,29.107
28.700,70.000,254.000,0.000,0.000,1.000,1.194,57.071,28.854
28.700,70.000,253.000,0.000,0.000,-1.000,1.166,57.006,28.925
28.700,70.000,253.000,0.000,0.000,0.000,1.224,57.114,28.874
28.700,70.000,253.000,0.000,0.000,0.000,1.219,57.333,28.805
28.700,70.000,253.000,0.000,0.000,0.000,1.213,57.247,28.938
28.700,70.000,252.000,0.000,0.000,-1.000,1.205,57.336,28.882
28.700,70.000,252.000,0.000,0.000,0.000,1.147,56.839,28.856
28.700,70.000,250.000,0.000,0.000,-2.000,1.175,56.768,28.846
28.700,70.000,259.000,0.000,0.000,9.000,1.198,57.333,28.821
28.700,70.000,253.000,0.000,0.000,-6.000,1.241,56.715,28.866
28.700,70.000,253.000,0.000,0.000,0.000,1.139,57.225,28.803
28.700,70.000,247.000,0.000,0.000,-6.000,1.210,57.152,28.931
28.700,70.000,252.000,1.000,0.000,5.000,1.136,57.203,28.867
28.600,70.000,247.000,1.000,-0.100,-5.000,1.175,57.059,28.806
28.600,70.000,246.000,1.000,0.000,-1.000,1.149,57.020,28.744
28.600,70.000,242.000,0.000,0.000,-4.000,1.171,56.814,28.905
28.600,70.000,246.000,0.000,0.000,4.000,1.159,57.022,28.816
28.600,70.000,248.000,0.000,0.000,2.000,1.175,56.993,28.747
28.600,70.000,247.000,0.000,0.000,-1.000,1.190,56.815,28.673
28.600,70.000,248.000,0.000,0.000,1.000,1.187,57.193,28.924
28.600,70.000,248.000,0.000,0.000,0.000,1.171,57.154,28.798
28.600,70.000,243.000,0.000,0.000,-5.000,1.174,57.208,28.671
28.700,70.000,248.000,0.000,0.100,5.000,1.195,56.585,28.716
28.800,70.000,245.000,0.000,0.100,-3.000,1.202,56.596,29.049
28.900,72.000,247.000,0.000,0.100,2.000,1.215,56.866,29.151
29.000,74.000,252.000,0.000,0.100,5.000,1.223,57.494,29.113
29.000,76.000,252.000,0.000,0.000,0.000,1.228,57.260,29.166
29.000,77.000,252.000,0.000,0.000,0.000,1.219,57.746,29.203
29.000,78.000,253.000,0.000,0.000,1.000,1.265,56.927,29.123
28.900,78.000,254.000,0.000,-0.100,1.000,1.226,57.569,29.156
28.900,78.000,262.000,0.000,0.000,8.000,1.267,57.310,29.120
28.900,77.000,265.000,0.000,0.000,3.000,1.258,57.370,29.083
28.800,76.000,267.000,0.000,-0.100,2.000,1.282,57.665,28.933
28.800,75.000,256.000,0.000,0.000,-11.000,1.252,57.061,28.807
28.800,75.000,258.000,0.000,0.000,2.000,1.242,57.343,28.954
28.800,74.000,259.000,0.000,0.000,1.000,1.215,57.535,29.068
28.800,74.000,259.000,0.000,0.000,0.000,1.212,57.377,28.961
28.800,73.000,259.000,0.000,0.000,0.000,1.229,57.726,29.068
28.700,73.000,258.000,0.000,-0.100,-1.000,1.165,57.087,28.854
28.700,72.000,259.000,0.000,0.000,1.000,1.184,56.766,28.844
28.700,72.000,260.000,0.000,0.000,1.000,1.254,57.365,28.741
28.700,72.000,261.000,0.000,0.000,1.000,1.219,57.373,28.908
28.700,71.000,261.000,0.000,0.000,0.000,1.217,56.816,28.828
28.700,71.000,262.000,0.000,0.000,1.000,1.256,57.401,29.052
28.700,71.000,264.000,0.000,0.000,2.000,1.213,57.324,29.064
28.700,71.000,262.000,0.000,0.000,-2.000,1.190,57.248,28.969
28.700,71.000,262.000,0.000,0.000,0.000,1.203,57.155,28.813
28.700,71.000,264.000,0.000,0.000,2.000,1.269,57.292,28.846
28.700,70.000,264.000,0.000,0.000,0.000,1.209,57.360,29.028
28.700,70.000,264.000,0.000,0.000,0.000,1.233,57.392,28.854
28.700,70.000,264.000,0.000,0.000,0.000,1.239,56.917,28.810
28.600,70.000,264.000,0.000,-0.100,0.000,1.235,57.353,28.835
28.600,70.000,265.000,0.000,0.000,1.000,1.209,57.195,28.889
28.600,70.000,265.000,0.000,0.000,0.000,1.184,57.433,28.700
28.600,70.000,265.000,0.000,0.000,0.000,1.254,56.978,28.815
28.600,70.000,266.000,0.000,0.000,1.000,1.244,57.106,28.905
28.600,70.000,266.000,0.000,0.000,0.000,1.199,57.042,28.700
28.600,70.000,266.000,0.000,0.000,0.000,1.212,57.319,28.945
28.600,70.000,267.000,0.000,0.000,1.000,1.182,57.402,28.672
28.600,70.000,267.000,0.000,0.000,0.000,1.240,57.196,28.665
28.600,70.000,267.000,0.000,0.000,0.000,1.278,57.552,28.823
28.600,70.000,267.000,0.000,0.000,0.000,1.223,56.992,28.786
28.600,70.000,267.000,0.000,0.000,0.000,1.230,57.166,28.812
28.600,70.000,268.000,0.000,0.000,1.000,1.260,57.307,28.690
28.600,70.000,268.000,0.000,0.000,0.000,1.227,57.287,28.763
28.600,70.000,268.000,0.000,0.000,0.000,1.208,57.236,28.709
28.600,70.000,268.000,0.000,0.000,0.000,1.244,57.302,28.734
28.600,70.000,268.000,0.000,0.000,0.000,1.209,57.428,28.762
28.600,70.000,267.000,0.000,0.000,-1.000,1.279,57.367,28.744
28.600,70.000,267.000,0.000,0.000,0.000,1.220,57.507,28.816
28.600,70.000,266.000,0.000,0.000,-1.000,1.292,57.141,28.770
28.700,70.000,266.000,0.000,0.100,0.000,1.246,57.174,28.878
28.600,70.000,267.000,0.000,-0.100,1.000,1.286,57.263,28.866
28.600,70.000,267.000,0.000,0.000,0.000,1.213,57.260,28.732
28.700,70.000,267.000,0.000,0.100,0.000,1.235,57.753,29.001
28.600,70.000,267.000,0.000,-0.100,0.000,1.252,56.937,28.763
28.600,70.000,267.000,0.000,0.000,0.000,1.248,57.280,28.818
28.600,70.000,267.000,0.000,0.000,0.000,1.229,57.188,28.667
28.600,70.000,267.000,0.000,0.000,0.000,1.216,57.352,28.733
28.600,70.000,267.000,0.000,0.000,0.000,1.266,57.432,28.797
28.600,70.000,267.000,0.000,0.000,0.000,1.261,57.701,28.741
28.600,70.000,267.000,0.000,0.000,0.000,1.244,57.456,28.751
28.600,70.000,267.000,0.000,0.000,0.000,1.196,57.142,28.607
28.600,70.000,267.000,0.000,0.000,0.000,1.235,57.195,28.725
28.600,70.000,268.000,0.000,0.000,1.000,1.236,57.190,28.821
28.600,70.000,267.000,0.000,0.000,-1.000,1.236,56.836,28.857
28.600,70.000,267.000,0.000,0.000,0.000,1.218,57.321,28.700
28.600,70.000,268.000,0.000,0.000,1.000,1.280,57.167,28.663
28.600,70.000,268.000,0.000,0.000,0.000,1.240,57.310,28.723
28.600,70.000,270.000,0.000,0.000,2.000,1.206,57.393,28.576
28.600,70.000,268.000,0.000,0.000,-2.000,1.283,57.144,28.724
28.600,70.000,268.000,0.000,0.000,0.000,1.220,57.248,28.876
28.600,70.000,268.000,0.000,0.000,0.000,1.255,56.893,28.769
28.600,70.000,268.000,0.000,0.000,0.000,1.281,57.452,28.750
28.600,70.000,268.000,0.000,0.000,0.000,1.199,57.438,28.728
28.600,70.000,269.000,0.000,0.000,1.000,1.206,57.558,28.827
28.600,70.000,270.000,0.000,0.000,1.000,1.227,57.366,28.834
28.600,70.000,268.000,0.000,0.000,-2.000,1.214,56.992,28.656
28.600,70.000,268.000,0.000,0.000,0.000,1.251,57.288,28.723
28.600,70.000,268.000,0.000,0.000,0.000,1.207,56.917,28.669
28.600,70.000,268.000,0.000,0.000,0.000,1.220,57.203,28.838
28.600,70.000,268.000,0.000,0.000,0.000,1.215,57.042,28.760
28.600,70.000,268.000,0.000,0.000,0.000,1.245,57.041,28.908
28.600,70.000,267.000,0.000,0.000,-1.000,1.203,57.531,29.033
28.600,70.000,268.000,0.000,0.000,1.000,1.225,57.356,28.792
28.600,70.000,268.000,0.000,0.000,0.000,1.178,57.041,28.704
28.600,70.000,270.000,0.000,0.000,2.000,1.228,57.341,28.859
28.600,70.000,270.000,0.000,0.000,0.000,1.218,56.911,28.919
28.600,70.000,269.000,0.000,0.000,-1.000,1.251,57.818,28.806
28.600,70.000,271.000,0.000,0.000,2.000,1.230,57.500,28.662
28.600,70.000,270.000,0.000,0.000,-1.000,1.232,56.706,28.662
28.600,70.000,270.000,0.000,0.000,0.000,1.210,57.510,28.911
28.600,70.000,270.000,0.000,0.000,0.000,1.227,57.586,28.745
28.600,70.000,282.000,0.000,0.000,12.000,1.221,57.575,28.748
28.600,70.000,281.000,0.000,0.000,-1.000,1.236,57.401,28.821
28.600,70.000,270.000,0.000,0.000,-11.000,1.244,57.501,28.733
28.600,70.000,270.000,0.000,0.000,0.000,1.217,57.242,28.818
28.600,70.000,268.000,0.000,0.000,-2.000,1.261,56.999,28.750
28.600,70.000,268.000,0.000,0.000,0.000,1.280,57.355,28.691
28.600,70.000,272.000,0.000,0.000,4.000,1.172,57.560,28.795
28.600,70.000,272.000,0.000,0.000,0.000,1.189,57.626,28.905
28.600,70.000,272.000,0.000,0.000,0.000,1.237,57.299,28.799
28.600,70.000,272.000,0.000,0.000,0.000,1.169,57.506,28.805
28.600,70.000,272.000,0.000,0.000,0.000,1.221,57.581,28.757
28.600,70.000,273.000,0.000,0.000,1.000,1.252,57.088,28.748
28.600,70.000,273.000,0.000,0.000,0.000,1.234,57.263,28.733
28.600,70.000,271.000,0.000,0.000,-2.000,1.202,57.479,28.587
28.600,70.000,270.000,0.000,0.000,-1.000,1.250,57.367,28.702
28.600,70.000,269.000,0.000,0.000,-1.000,1.237,57.385,28.785
28.600,70.000,270.000,0.000,0.000,1.000,1.237,57.176,28.833
28.600,70.000,269.000,0.000,0.000,-1.000,1.232,57.341,28.764
28.600,70.000,271.000,0.000,0.000,2.000,1.268,56.898,28.835
28.700,70.000,270.000,0.000,0.100,-1.000,1.247,57.210,28.776
28.700,70.000,284.000,0.000,0.000,14.000,1.293,57.098,28.855
28.700,70.000,273.000,0.000,0.000,-11.000,1.260,57.839,28.796
28.800,70.000,273.000,0.000,0.100,0.000,1.274,57.257,28.950
28.800,70.000,273.000,0.000,0.000,0.000,1.270,57.321,28.869
28.800,70.000,274.000,0.000,0.000,1.000,1.293,57.400,29.012
28.800,70.000,274.000,0.000,0.000,0.000,1.248,57.542,29.013
28.800,70.000,274.000,0.000,0.000,0.000,1.255,57.350,28.915
28.800,70.000,276.000,0.000,0.000,2.000,1.312,57.833,29.084
28.800,70.000,276.000,0.000,0.000,0.000,1.295,57.651,28.985
28.800,70.000,276.000,0.000,0.000,0.000,1.277,57.180,28.984
28.800,70.000,282.000,0.000,0.000,6.000,1.278,57.156,28.876
28.700,70.000,277.000,0.000,-0.100,-5.000,1.258,57.644,28.785
28.700,70.000,277.000,0.000,0.000,0.000,1.253,57.792,28.901
28.700,70.000,278.000,0.000,0.000,1.000,1.276,57.394,29.142
28.700,70.000,274.000,0.000,0.000,-4.000,1.297,57.537,28.854
28.700,70.000,276.000,0.000,0.000,2.000,1.295,57.441,28.937
28.700,70.000,278.000,0.000,0.000,2.000,1.260,57.336,29.043
28.700,70.000,277.000,0.000,0.000,-1.000,1.254,57.593,28.904
28.700,70.000,276.000,0.000,0.000,-1.000,1.305,57.383,29.010
28.700,70.000,277.000,0.000,0.000,1.000,1.286,57.166,28.830
28.700,70.000,273.000,0.000,0.000,-4.000,1.301,57.577,28.977
28.700,70.000,276.000,0.000,0.000,3.000,1.204,57.449,28.890
28.700,70.000,271.000,0.000,0.000,-5.000,1.309,57.255,28.946
28.700,70.000,284.000,0.000,0.000,13.000,1.270,57.501,28.761
28.700,70.000,277.000,0.000,0.000,-7.000,1.259,57.190,28.734
28.700,70.000,282.000,0.000,0.000,5.000,1.303,57.608,28.735
31.000,62.000,350.000,0.000,2.300,68.000,1.807,59.782,31.041
31.000,62.000,350.000,0.000,0.000,0.000,1.768,59.638,31.068
31.000,62.000,350.000,0.000,0.000,0.000,1.734,59.606,31.071
31.000,62.000,350.000,0.000,0.000,0.000,1.772,59.432,31.053
31.000,62.000,350.000,0.000,0.000,0.000,1.757,59.289,31.001
31.000,62.000,350.000,0.000,0.000,0.000,1.738,59.246,30.961
31.000,62.000,350.000,0.000,0.000,0.000,1.714,59.306,31.060
31.000,62.000,350.000,0.000,0.000,0.000,1.746,59.562,31.139
31.000,62.000,350.000,0.000,0.000,0.000,1.765,59.750,31.123
31.000,62.000,350.000,0.000,0.000,0.000,1.816,59.465,31.091
31.000,62.000,350.000,0.000,0.000,0.000,1.750,59.468,31.096
31.000,62.000,350.000,0.000,0.000,0.000,1.807,59.470,31.010
31.000,62.000,350.000,0.000,0.000,0.000,1.830,59.211,30.995
31.000,62.000,350.000,0.000,0.000,0.000,1.814,59.427,31.045
31.000,62.000,350.000,0.000,0.000,0.000,1.759,59.932,31.118
31.000,62.000,350.000,0.000,0.000,0.000,1.760,59.472,30.932
31.000,62.000,350.000,0.000,0.000,0.000,1.777,59.487,31.118
31.000,62.000,350.000,0.000,0.000,0.000,1.746,59.388,30.941
31.000,62.000,350.000,0.000,0.000,0.000,1.798,59.630,31.098
31.000,62.000,350.000,0.000,0.000,0.000,1.791,59.339,31.000
31.000,62.000,350.000,0.000,0.000,0.000,1.810,59.554,30.952
31.000,62.000,350.000,0.000,0.000,0.000,1.815,59.630,31.018
31.000,62.000,350.000,0.000,0.000,0.000,1.786,59.857,31.140
31.000,62.000,350.000,0.000,0.000,0.000,1.797,59.673,31.001
31.000,62.000,350.000,0.000,0.000,0.000,1.754,59.494,31.043
31.000,62.000,350.000,0.000,0.000,0.000,1.773,59.220,31.011
31.000,62.000,350.000,0.000,0.000,0.000,1.763,59.304,31.091
31.000,62.000,350.000,0.000,0.000,0.000,1.761,59.289,30.982
31.000,62.000,350.000,0.000,0.000,0.000,1.760,59.490,30.951
31.000,62.000,350.000,0.000,0.000,0.000,1.744,59.388,31.022
31.000,62.000,350.000,0.000,0.000,0.000,1.795,59.767,30.886
31.000,62.000,350.000,0.000,0.000,0.000,1.802,59.513,31.031
31.000,62.000,350.000,0.000,0.000,0.000,1.776,59.830,30.951
31.000,62.000,350.000,0.000,0.000,0.000,1.778,59.634,31.038
31.000,62.000,350.000,0.000,0.000,0.000,1.766,59.887,31.145
31.000,62.000,350.000,0.000,0.000,0.000,1.770,59.376,31.038
31.000,62.000,350.000,0.000,0.000,0.000,1.694,59.427,31.157
31.000,62.000,350.000,0.000,0.000,0.000,1.790,59.577,31.178
31.000,62.000,350.000,0.000,0.000,0.000,1.768,59.758,30.993
31.000,62.000,350.000,0.000,0.000,0.000,1.707,59.454,31.094
31.000,62.000,350.000,0.000,0.000,0.000,1.776,59.306,30.891
31.000,62.000,350.000,0.000,0.000,0.000,1.816,59.626,31.057
31.000,62.000,350.000,0.000,0.000,0.000,1.777,59.303,31.062
31.000,62.000,350.000,0.000,0.000,0.000,1.763,59.545,31.036
31.000,62.000,350.000,0.000,0.000,0.000,1.760,59.351,31.059
31.000,62.000,350.000,0.000,0.000,0.000,1.777,59.365,31.092
31.000,62.000,350.000,0.000,0.000,0.000,1.824,59.392,31.016
31.000,62.000,350.000,0.000,0.000,0.000,1.754,59.386,31.012
31.000,62.000,350.000,0.000,0.000,0.000,1.750,59.564,30.963
31.000,62.000,350.000,0.000,0.000,0.000,1.761,59.521,31.099
31.000,62.000,350.000,0.000,0.000,0.000,1.769,59.933,30.995
31.000,62.000,350.000,0.000,0.000,0.000,1.701,59.364,30.982
31.000,62.000,350.000,0.000,0.000,0.000,1.817,59.771,31.142
31.000,62.000,350.000,0.000,0.000,0.000,1.819,59.358,31.135
31.000,62.000,350.000,0.000,0.000,0.000,1.756,59.596,31.055
31.000,62.000,350.000,0.000,0.000,0.000,1.801,59.578,30.999
31.000,62.000,350.000,0.000,0.000,0.000,1.793,59.696,31.031
31.000,62.000,350.000,0.000,0.000,0.000,1.789,59.379,31.009
31.000,62.000,350.000,0.000,0.000,0.000,1.791,59.731,31.085
31.000,62.000,350.000,0.000,0.000,0.000,1.788,59.637,31.036
31.000,62.000,350.000,0.000,0.000,0.000,1.770,59.361,30.985
31.000,62.000,350.000,0.000,0.000,0.000,1.802,59.571,31.182
31.000,62.000,350.000,0.000,0.000,0.000,1.731,59.664,30.981
31.000,62.000,350.000,0.000,0.000,0.000,1.766,59.642,31.099
31.000,62.000,350.000,0.000,0.000,0.000,1.740,59.474,31.079
31.000,62.000,350.000,0.000,0.000,0.000,1.817,59.316,31.065
31.000,62.000,350.000,0.000,0.000,0.000,1.734,59.425,30.979
31.000,62.000,350.000,0.000,0.000,0.000,1.754,59.464,31.061
31.000,62.000,350.000,0.000,0.000,0.000,1.721,59.394,31.045
31.000,62.000,350.000,0.000,0.000,0.000,1.754,59.552,30.995
31.000,62.000,350.000,0.000,0.000,0.000,1.758,59.840,31.045
31.000,62.000,350.000,0.000,0.000,0.000,1.757,59.320,31.145
31.000,62.000,350.000,0.000,0.000,0.000,1.794,59.429,31.051
31.000,62.000,350.000,0.000,0.000,0.000,1.770,59.565,30.974
31.000,62.000,350.000,0.000,0.000,0.000,1.781,59.400,30.945
31.000,62.000,350.000,0.000,0.000,0.000,1.812,59.483,31.052
31.000,62.000,350.000,0.000,0.000,0.000,1.797,59.477,30.973
31.000,62.000,350.000,0.000,0.000,0.000,1.700,59.333,31.055
31.000,62.000,350.000,0.000,0.000,0.000,1.783,59.589,31.060
31.000,62.000,350.000,0.000,0.000,0.000,1.805,59.295,31.096
31.000,62.000,350.000,0.000,0.000,0.000,1.795,59.394,31.052
31.000,62.000,350.000,0.000,0.000,0.000,1.801,59.514,31.200
31.000,62.000,350.000,0.000,0.000,0.000,1.835,59.278,31.079
31.000,62.000,350.000,0.000,0.000,0.000,1.788,59.662,31.097
31.000,62.000,350.000,0.000,0.000,0.000,1.773,59.422,31.037
31.000,62.000,350.000,0.000,0.000,0.000,1.747,59.739,31.138
31.000,62.000,350.000,0.000,0.000,0.000,1.791,59.505,31.059
28.000,65.000,274.000,0.000,-3.000,-76.000,1.173,56.910,28.097
28.000,65.000,276.000,0.000,0.000,2.000,1.152,56.905,28.283
28.000,65.000,276.000,0.000,0.000,0.000,1.211,57.075,28.039
28.000,65.000,276.000,0.000,0.000,0.000,1.188,57.323,28.241
28.000,65.000,276.000,0.000,0.000,0.000,1.199,56.970,28.151
28.000,65.000,276.000,0.000,0.000,0.000,1.141,57.077,28.200
28.000,65.000,274.000,0.000,0.000,-2.000,1.184,57.394,28.189
28.000,65.000,274.000,0.000,0.000,0.000,1.143,57.021,28.281
28.000,65.000,274.000,0.000,0.000,0.000,1.194,57.112,28.291
28.000,65.000,274.000,0.000,0.000,0.000,1.166,57.068,28.250
28.000,65.000,274.000,0.000,0.000,0.000,1.142,57.271,28.313
28.000,65.000,273.000,0.000,0.000,-1.000,1.180,57.062,28.228
28.000,65.000,268.000,0.000,0.000,-5.000,1.131,56.779,28.305
28.000,65.000,270.000,0.000,0.000,2.000,1.137,56.843,28.310
28.000,65.000,268.000,0.000,0.000,-2.000,1.101,56.950,28.250
28.000,65.000,272.000,0.000,0.000,4.000,1.192,56.909,28.156
28.000,65.000,273.000,0.000,0.000,1.000,1.162,57.055,28.235
28.000,65.000,273.000,0.000,0.000,0.000,1.154,57.011,28.111
28.000,65.000,273.000,0.000,0.000,0.000,1.178,57.091,28.216
28.000,65.000,273.000,0.000,0.000,0.000,1.192,56.934,28.157
28.000,65.000,273.000,0.000,0.000,0.000,1.203,57.071,28.157
28.000,65.000,273.000,0.000,0.000,0.000,1.137,57.151,28.281
28.000,65.000,272.000,0.000,0.000,-1.000,1.143,57.070,28.193
28.000,65.000,270.000,0.000,0.000,-2.000,1.117,56.840,28.194
28.000,65.000,270.000,0.000,0.000,0.000,1.059,56.955,28.182
28.000,65.000,271.000,0.000,0.000,1.000,1.123,57.000,28.220
28.000,65.000,271.000,0.000,0.000,0.000,1.154,56.922,28.189
28.000,65.000,269.000,0.000,0.000,-2.000,1.163,57.050,28.128
28.000,65.000,271.000,0.000,0.000,2.000,1.119,57.106,28.284
28.000,65.000,272.000,0.000,0.000,1.000,1.098,57.331,28.132
28.000,65.000,270.000,0.000,0.000,-2.000,1.149,57.512,28.255
28.000,65.000,268.000,0.000,0.000,-2.000,1.205,56.974,28.088
28.000,65.000,267.000,0.000,0.000,-1.000,1.148,56.999,28.243
28.000,65.000,268.000,0.000,0.000,1.000,1.153,57.018,28.377
28.000,65.000,268.000,0.000,0.000,0.000,1.123,57.122,28.139
28.000,65.000,268.000,0.000,0.000,0.000,1.168,56.821,28.255
28.000,65.000,270.000,0.000,0.000,2.000,1.163,56.883,28.342
28.000,65.000,268.000,0.000,0.000,-2.000,1.158,56.769,28.399
28.000,65.000,269.000,0.000,0.000,1.000,1.188,57.255,28.156
28.000,65.000,267.000,0.000,0.000,-2.000,1.163,57.439,28.270
28.000,65.000,272.000,0.000,0.000,5.000,1.155,57.438,28.233
28.000,65.000,273.000,0.000,0.000,1.000,1.131,56.933,28.101
28.000,65.000,272.000,0.000,0.000,-1.000,1.157,57.104,28.117
28.000,65.000,268.000,0.000,0.000,-4.000,1.171,56.776,28.149
28.000,65.000,272.000,0.000,0.000,4.000,1.133,57.219,28.035
28.000,65.000,272.000,0.000,0.000,0.000,1.147,57.075,28.153
28.000,65.000,272.000,0.000,0.000,0.000,1.162,56.925,28.343
28.000,65.000,270.000,0.000,0.000,-2.000,1.134,57.354,28.285
28.000,65.000,270.000,0.000,0.000,0.000,1.074,56.961,28.220
28.000,65.000,270.000,0.000,0.000,0.000,1.162,56.868,28.174
28.000,65.000,270.000,0.000,0.000,0.000,1.131,57.324,28.281
28.000,65.000,268.000,0.000,0.000,-2.000,1.162,57.150,28.200
28.000,65.000,267.000,0.000,0.000,-1.000,1.179,57.270,28.157
28.000,65.000,270.000,0.000,0.000,3.000,1.166,57.241,28.102
28.000,65.000,270.000,0.000,0.000,0.000,1.084,56.816,28.128
28.000,65.000,271.000,0.000,0.000,1.000,1.104,57.513,28.287
28.000,65.000,271.000,0.000,0.000,0.000,1.128,57.177,28.218
28.000,65.000,272.000,0.000,0.000,1.000,1.095,57.190,28.219
28.000,65.000,272.000,0.000,0.000,0.000,1.194,56.935,28.213
28.000,65.000,272.000,0.000,0.000,0.000,1.163,57.061,28.183
28.000,65.000,272.000,0.000,0.000,0.000,1.158,57.524,28.163
28.000,65.000,272.000,0.000,0.000,0.000,1.175,56.928,28.186
28.000,65.000,268.000,0.000,0.000,-4.000,1.120,57.017,28.235
28.000,65.000,268.000,0.000,0.000,0.000,1.105,57.084,28.126
28.000,65.000,268.000,0.000,0.000,0.000,1.154,57.054,28.236
28.000,65.000,268.000,0.000,0.000,0.000,1.171,56.722,28.121
28.000,65.000,268.000,0.000,0.000,0.000,1.151,56.811,28.186
28.000,65.000,267.000,0.000,0.000,-1.000,1.133,56.925,28.149
28.000,65.000,272.000,0.000,0.000,5.000,1.143,56.935,28.173
28.000,65.000,268.000,0.000,0.000,-4.000,1.134,57.177,28.212
28.000,65.000,270.000,0.000,0.000,2.000,1.165,57.337,28.136
28.000,65.000,270.000,0.000,0.000,0.000,1.148,56.899,28.132
28.000,65.000,268.000,0.000,0.000,-2.000,1.084,57.200,28.174
28.000,65.000,268.000,0.000,0.000,0.000,1.191,56.921,28.101
28.000,65.000,268.000,0.000,0.000,0.000,1.134,57.122,28.295
28.000,65.000,265.000,0.000,0.000,-3.000,1.117,56.963,28.082
28.000,65.000,272.000,0.000,0.000,7.000,1.123,57.227,28.155
28.000,65.000,270.000,0.000,0.000,-2.000,1.074,56.902,28.129
28.000,65.000,272.000,0.000,0.000,2.000,1.154,57.116,28.296
28.000,65.000,272.000,0.000,0.000,0.000,1.086,57.362,28.328
28.000,65.000,272.000,0.000,0.000,0.000,1.191,56.899,28.288
28.000,65.000,271.000,0.000,0.000,-1.000,1.136,56.865,28.129
28.000,65.000,271.000,0.000,0.000,0.000,1.209,57.237,28.248
28.000,65.000,270.000,0.000,0.000,-1.000,1.163,57.061,28.199
28.000,65.000,272.000,0.000,0.000,2.000,1.168,56.779,28.294
28.000,65.000,271.000,0.000,0.000,-1.000,1.181,57.046,28.168
28.000,65.000,272.000,0.000,0.000,1.000,1.133,57.146,28.231
27.900,72.000,272.000,0.000,-0.100,0.000,1.147,56.716,28.140
28.400,72.000,272.000,0.000,0.500,0.000,1.210,57.179,28.659
28.400,72.000,283.000,0.000,0.000,11.000,1.240,57.362,28.547
28.400,72.000,272.000,0.000,0.000,-11.000,1.276,57.543,28.586
28.400,71.000,270.000,0.000,0.000,-2.000,1.188,57.273,28.505
28.400,71.000,272.000,0.000,0.000,2.000,1.211,57.085,28.557
28.400,71.000,272.000,0.000,0.000,0.000,1.192,57.331,28.467
28.400,71.000,273.000,0.000,0.000,1.000,1.179,57.114,28.667
28.400,71.000,274.000,0.000,0.000,1.000,1.246,57.449,28.657
28.400,71.000,273.000,0.000,0.000,-1.000,1.269,57.162,28.665
28.400,71.000,273.000,0.000,0.000,0.000,1.232,57.072,28.683
28.400,71.000,273.000,0.000,0.000,0.000,1.262,57.593,28.586
28.400,71.000,273.000,0.000,0.000,0.000,1.211,57.022,28.568
28.300,71.000,286.000,0.000,-0.100,13.000,1.183,57.420,28.430
28.300,71.000,274.000,0.000,0.000,-12.000,1.222,57.489,28.583
28.300,71.000,273.000,0.000,0.000,-1.000,1.193,56.653,28.475
28.300,71.000,285.000,0.000,0.000,12.000,1.281,57.305,28.508
28.300,71.000,273.000,0.000,0.000,-12.000,1.190,57.235,28.620
28.300,71.000,273.000,0.000,0.000,0.000,1.187,57.268,28.568
28.300,71.000,274.000,0.000,0.000,1.000,1.150,57.574,28.578
28.300,71.000,273.000,0.000,0.000,-1.000,1.237,57.378,28.441
28.300,71.000,273.000,0.000,0.000,0.000,1.149,57.132,28.342
28.300,71.000,273.000,0.000,0.000,0.000,1.194,57.481,28.460
28.300,71.000,273.000,0.000,0.000,0.000,1.191,57.052,28.556
28.300,71.000,273.000,0.000,0.000,0.000,1.183,57.213,28.473
28.300,71.000,272.000,0.000,0.000,-1.000,1.203,57.350,28.482
28.300,71.000,283.000,0.000,0.000,11.000,1.206,57.296,28.543
28.300,71.000,284.000,0.000,0.000,1.000,1.198,57.440,28.535
28.300,71.000,273.000,0.000,0.000,-11.000,1.177,56.969,28.543
28.300,71.000,284.000,0.000,0.000,11.000,1.221,57.272,28.536
28.200,71.000,283.000,0.000,-0.100,-1.000,1.208,57.248,28.459
28.200,71.000,270.000,0.000,0.000,-13.000,1.135,56.989,28.420
28.200,71.000,272.000,0.000,0.000,2.000,1.134,57.130,28.452
28.200,71.000,283.000,0.000,0.000,11.000,1.258,57.369,28.367
28.200,71.000,284.000,0.000,0.000,1.000,1.226,57.176,28.500
28.200,71.000,274.000,0.000,0.000,-10.000,1.208,57.264,28.390
28.200,70.000,273.000,0.000,0.000,-1.000,1.214,57.161,28.326
28.100,70.000,272.000,0.000,-0.100,-1.000,1.147,57.023,28.141
28.100,70.000,284.000,0.000,0.000,12.000,1.222,57.224,28.292
28.100,70.000,274.000,0.000,0.000,-10.000,1.183,57.253,28.075
28.100,70.000,273.000,0.000,0.000,-1.000,1.165,57.111,28.207
28.100,70.000,272.000,0.000,0.000,-1.000,1.089,56.972,28.450
28.100,70.000,284.000,0.000,0.000,12.000,1.198,57.766,28.269
28.100,70.000,273.000,0.000,0.000,-11.000,1.206,57.212,28.359
28.100,70.000,272.000,0.000,0.000,-1.000,1.090,56.886,28.420
28.000,70.000,272.000,0.000,-0.100,0.000,1.114,57.046,28.183
28.000,70.000,272.000,0.000,0.000,0.000,1.175,57.237,28.140
28.000,70.000,272.000,0.000,0.000,0.000,1.172,57.044,28.281
28.000,70.000,282.000,0.000,0.000,10.000,1.179,57.154,28.268
28.000,70.000,273.000,0.000,0.000,-9.000,1.151,57.075,28.201
27.900,70.000,273.000,0.000,-0.100,0.000,1.144,56.749,28.048
27.900,70.000,272.000,0.000,0.000,-1.000,1.151,56.607,27.971
27.900,71.000,273.000,0.000,0.000,1.000,1.072,56.397,28.096
27.900,71.000,273.000,0.000,0.000,0.000,1.126,57.182,28.083
27.900,71.000,273.000,0.000,0.000,0.000,1.148,57.020,28.202
27.900,71.000,273.000,0.000,0.000,0.000,1.140,56.895,28.096
27.900,71.000,273.000,0.000,0.000,0.000,1.136,57.009,28.216
27.900,71.000,273.000,0.000,0.000,0.000,1.106,57.083,28.090
27.900,71.000,273.000,0.000,0.000,0.000,1.138,57.024,28.188
27.800,71.000,273.000,0.000,-0.100,0.000,1.128,57.253,28.023
27.800,71.000,272.000,0.000,0.000,-1.000,1.134,57.165,28.026
27.800,71.000,272.000,0.000,0.000,0.000,1.148,57.359,28.016
27.800,71.000,273.000,0.000,0.000,1.000,1.088,57.023,28.002
27.800,71.000,273.000,0.000,0.000,0.000,1.113,57.000,28.061
27.800,71.000,273.000,0.000,0.000,0.000,1.066,56.890,28.109
27.800,71.000,273.000,0.000,0.000,0.000,1.153,57.077,28.070
27.700,71.000,273.000,0.000,-0.100,0.000,1.110,57.165,27.899
27.700,71.000,273.000,0.000,0.000,0.000,1.142,56.896,27.912
27.700,71.000,273.000,0.000,0.000,0.000,1.049,57.016,27.793
27.700,71.000,273.000,0.000,0.000,0.000,1.128,56.958,28.004
27.700,71.000,273.000,0.000,0.000,0.000,1.181,56.619,28.066
27.600,71.000,273.000,0.000,-0.100,0.000,1.125,56.746,27.915
27.600,71.000,273.000,0.000,0.000,0.000,1.148,57.020,27.982
27.600,71.000,273.000,0.000,0.000,0.000,1.108,56.906,27.885
27.600,71.000,273.000,0.000,0.000,0.000,1.104,57.107,27.864
27.600,71.000,273.000,0.000,0.000,0.000,1.047,56.965,27.840
27.600,71.000,273.000,0.000,0.000,0.000,1.028,56.827,27.835
27.600,71.000,274.000,0.000,0.000,1.000,1.071,56.551,27.922
27.500,71.000,274.000,0.000,-0.100,0.000,1.077,57.135,27.717
27.500,71.000,274.000,0.000,0.000,0.000,1.080,57.157,27.754
27.500,71.000,274.000,0.000,0.000,0.000,1.075,56.840,27.736
27.500,71.000,274.000,0.000,0.000,0.000,1.059,57.441,27.741
27.500,71.000,273.000,0.000,0.000,-1.000,1.029,56.635,27.777
27.500,71.000,274.000,0.000,0.000,1.000,1.114,56.832,27.651
27.600,71.000,274.000,0.000,0.100,0.000,1.120,56.810,27.785
27.600,72.000,274.000,0.000,0.000,0.000,1.069,56.977,27.852
27.600,72.000,274.000,0.000,0.000,0.000,1.078,57.173,27.695
27.600,72.000,274.000,0.000,0.000,0.000,1.068,56.811,27.904
27.600,72.000,274.000,0.000,0.000,0.000,1.116,57.036,27.740
27.600,72.000,274.000,0.000,0.000,0.000,1.109,56.942,27.748
27.600,72.000,274.000,0.000,0.000,0.000,1.100,56.936,27.861
27.600,72.000,274.000,0.000,0.000,0.000,1.084,56.613,27.816
27.600,72.000,274.000,0.000,0.000,0.000,1.086,56.748,27.758
27.600,72.000,274.000,0.000,0.000,0.000,1.103,56.670,27.762
27.600,72.000,276.000,0.000,0.000,2.000,1.114,56.799,27.864
27.500,72.000,276.000,0.000,-0.100,0.000,1.066,56.976,27.713
27.600,72.000,274.000,0.000,0.100,-2.000,1.126,57.053,27.761
27.500,72.000,276.000,0.000,-0.100,2.000,1.066,56.642,27.851
27.500,72.000,276.000,0.000,0.000,0.000,1.082,56.671,27.752
27.500,72.000,274.000,0.000,0.000,-2.000,1.078,56.613,27.750
27.500,72.000,274.000,0.000,0.000,0.000,1.080,56.935,27.618
27.500,72.000,276.000,0.000,0.000,2.000,1.146,57.301,27.635
27.500,72.000,276.000,0.000,0.000,0.000,1.126,57.154,27.660
27.600,72.000,276.000,0.000,0.100,0.000,1.115,57.456,27.814
27.500,72.000,274.000,0.000,-0.100,-2.000,1.079,56.818,27.711
27.600,72.000,288.000,0.000,0.100,14.000,1.086,57.234,27.792
27.500,72.000,288.000,0.000,-0.100,0.000,1.077,57.245,27.692
27.600,72.000,274.000,0.000,0.100,-14.000,1.147,57.152,27.878
27.600,72.000,274.000,0.000,0.000,0.000,1.104,56.699,27.766
27.600,72.000,274.000,0.000,0.000,0.000,1.075,56.987,27.894
27.600,72.000,274.000,0.000,0.000,0.000,1.073,57.243,27.875
27.600,72.000,274.000,0.000,0.000,0.000,1.129,57.208,27.668
27.600,72.000,276.000,0.000,0.000,2.000,1.106,56.847,27.838
27.600,72.000,274.000,0.000,0.000,-2.000,1.074,56.976,27.693
27.600,72.000,274.000,0.000,0.000,0.000,1.076,57.096,27.829
27.600,72.000,276.000,0.000,0.000,2.000,1.101,56.873,27.817
27.600,72.000,276.000,0.000,0.000,0.000,1.045,56.908,27.703
27.600,72.000,274.000,0.000,0.000,-2.000,1.100,56.938,27.830
27.700,72.000,274.000,0.000,0.100,0.000,1.119,57.096,27.956
27.700,72.000,274.000,0.000,0.000,0.000,1.106,57.297,27.838
27.700,72.000,274.000,0.000,0.000,0.000,1.081,57.412,27.976
27.700,72.000,274.000,0.000,0.000,0.000,1.099,56.814,27.955
27.700,72.000,286.000,0.000,0.000,12.000,1.115,57.289,27.961
27.700,72.000,273.000,0.000,0.000,-13.000,1.142,57.256,27.728
27.700,72.000,274.000,0.000,0.000,1.000,1.102,56.802,27.899
27.700,72.000,276.000,0.000,0.000,2.000,1.157,56.954,28.145
27.700,72.000,276.000,0.000,0.000,0.000,1.103,56.627,27.824
27.700,72.000,277.000,0.000,0.000,1.000,1.134,57.168,28.022
27.700,72.000,277.000,0.000,0.000,0.000,1.131,57.028,27.969
27.800,72.000,278.000,0.000,0.100,1.000,1.144,57.226,27.956
27.800,72.000,278.000,0.000,0.000,0.000,1.191,57.132,27.961
27.800,72.000,277.000,0.000,0.000,-1.000,1.138,57.371,27.898
27.800,72.000,277.000,0.000,0.000,0.000,1.123,57.003,28.068
27.800,72.000,277.000,0.000,0.000,0.000,1.181,57.385,28.168
27.800,72.000,278.000,0.000,0.000,1.000,1.094,56.854,28.025
27.800,72.000,277.000,0.000,0.000,-1.000,1.096,57.024,27.986
27.800,72.000,277.000,0.000,0.000,0.000,1.200,57.273,28.132
27.800,72.000,288.000,0.000,0.000,11.000,1.207,57.498,28.059
27.800,72.000,277.000,0.000,0.000,-11.000,1.161,56.798,28.011
27.800,72.000,276.000,0.000,0.000,-1.000,1.164,56.720,27.959
27.800,71.000,276.000,0.000,0.000,0.000,1.169,56.691,27.973
27.900,71.000,274.000,0.000,0.100,-2.000,1.145,56.996,28.157
27.900,71.000,274.000,0.000,0.000,0.000,1.074,56.966,28.199
27.900,71.000,283.000,0.000,0.000,9.000,1.166,57.139,28.086
27.900,71.000,274.000,0.000,0.000,-9.000,1.194,57.388,28.026
27.900,71.000,277.000,0.000,0.000,3.000,1.143,57.019,28.129
19.040,70.480,772.700,1.000,-0.342,-1.800,0.343,59.130,19.610
21.790,75.870,244.300,0.000,-0.256,-2.140,0.310,52.590,22.140
23.960,67.120,294.700,0.000,-0.146,4.840,0.535,54.590,24.290
39.860,71.170,703.600,1.000,-0.075,2.590,2.850,67.850,39.490
27.970,81.880,492.300,0.000,-0.173,-7.360,1.669,59.770,28.150
24.140,45.060,465.000,0.000,0.054,-8.090,0.828,57.160,24.410
31.530,45.630,592.300,0.000,-0.061,-2.530,2.733,62.000,31.620
33.010,78.740,754.500,1.000,-0.149,-2.630,3.556,65.730,33.010
35.500,55.860,469.000,0.000,-0.069,-4.630,2.557,61.960,35.380
22.080,78.790,196.100,0.000,0.486,8.790,0.351,51.660,22.520
25.350,46.300,580.400,0.000,0.162,-5.300,1.262,59.590,25.600
35.180,65.270,333.600,0.000,-0.411,1.490,2.069,59.990,35.160
20.540,76.560,210.500,1.000,0.320,-4.890,0.180,51.160,21.100
41.270,48.990,808.200,1.000,0.317,7.190,2.736,69.540,40.830
27.700,79.450,425.400,0.000,0.683,3.300,1.506,57.660,27.720
30.770,81.140,255.500,0.000,-0.046,-4.440,1.561,56.470,30.740
27.670,51.420,302.200,0.000,-0.335,10.750,1.155,56.070,27.890
37.960,56.810,583.100,0.000,-0.017,-3.780,2.782,65.280,37.620
24.240,57.850,758.500,1.000,0.577,2.200,1.340,60.970,24.540
18.830,47.260,724.500,1.000,-0.647,5.650,0.343,58.720,19.360
20.670,71.240,777.100,1.000,0.355,3.200,0.646,60.590,21.080
39.570,47.320,749.000,1.000,-0.623,4.050,2.964,68.160,39.280
23.410,61.160,668.100,1.000,-0.314,0.710,1.033,59.780,23.650
19.520,47.890,728.300,1.000,-0.465,-7.720,0.396,59.180,20.040
27.200,75.540,538.200,0.000,-0.497,6.310,1.550,58.910,27.430
27.930,55.260,697.500,1.000,-0.394,13.880,2.186,62.100,28.060
24.500,64.220,843.500,1.000,0.007,5.090,1.501,62.680,24.750
41.970,80.650,530.100,0.000,-0.491,-2.670,1.878,65.730,41.660
27.520,68.340,369.400,0.000,-0.085,7.460,1.256,56.960,27.740
35.620,51.840,300.200,0.000,-0.226,-13.820,1.943,59.400,35.530
34.720,54.730,246.200,0.000,0.033,1.400,1.766,58.470,34.790
18.140,67.590,446.800,0.000,-0.217,0.790,0.233,53.500,18.670
39.420,77.270,662.400,1.000,-0.080,-13.870,2.831,66.960,39.170
24.870,46.500,653.600,1.000,-0.055,9.570,1.302,60.100,25.090
23.340,57.060,285.800,0.000,-0.102,5.980,0.552,53.690,23.750
37.580,55.100,499.100,1.000,-0.083,2.470,2.498,63.140,37.360
40.740,64.480,174.700,0.000,-0.375,3.910,1.091,60.010,40.430
23.960,47.160,680.000,1.000,0.004,7.550,1.144,60.330,24.250
28.140,81.010,282.800,0.000,-0.420,-9.040,1.256,56.000,28.310
24.360,64.220,536.800,0.000,0.293,13.670,1.082,58.010,24.650
38.610,49.080,849.000,1.000,0.068,1.630,3.630,69.680,38.390
24.300,73.910,639.000,0.000,-0.174,7.310,1.101,59.670,24.560
41.060,84.430,841.300,1.000,-0.084,6.790,2.902,70.070,40.690
18.600,75.580,617.100,1.000,0.067,-10.450,0.265,57.400,19.060
38.670,56.060,278.300,0.000,-0.576,-0.850,1.625,60.190,38.390
39.240,51.980,444.700,0.000,-0.343,-7.150,2.129,63.400,38.970
28.740,78.220,346.200,0.000,-0.019,4.160,1.435,57.040,28.930
38.200,55.930,194.200,0.000,0.203,-6.350,1.422,58.670,37.970
18.410,79.420,184.600,0.000,0.127,8.650,0.188,49.940,18.980
34.830,68.710,215.600,0.000,0.171,1.860,1.592,57.310,34.700
19.360,82.980,195.600,0.000,-0.382,8.650,0.120,50.570,19.930
35.850,54.090,216.600,0.000,0.142,8.540,1.575,57.700,35.860
37.440,48.980,789.400,1.000,0.017,4.520,3.646,68.370,37.220
32.790,59.660,475.100,0.000,0.496,4.740,2.540,61.390,32.700
18.770,45.960,377.800,0.000,-0.014,-2.370,0.155,52.540,19.270
19.750,59.230,254.300,1.000,-0.336,18.900,0.278,52.010,20.340
32.740,62.580,758.300,1.000,0.113,10.210,3.567,65.630,32.750
32.160,58.350,446.900,0.000,-0.441,-14.880,2.244,60.300,32.010
26.400,46.790,660.700,1.000,-0.045,6.800,1.620,60.870,26.660
26.940,83.890,198.200,0.000,-0.069,10.350,0.885,53.850,27.160
41.040,58.150,726.200,1.000,-0.128,-3.040,2.593,69.010,40.570
37.340,58.590,809.300,1.000,0.042,-1.540,3.756,67.920,37.030
31.250,59.910,228.400,0.000,-0.384,-0.690,1.385,56.380,31.250
26.820,72.860,425.100,0.000,0.258,1.800,1.283,57.120,27.110
23.930,56.730,528.500,0.000,-0.378,15.330,0.943,57.700,24.290
35.080,64.170,489.400,0.000,0.222,-2.050,2.648,62.270,35.030
39.960,64.870,549.800,0.000,0.153,5.630,2.236,64.970,39.620
29.640,48.770,403.900,0.000,0.187,-2.570,1.797,58.170,29.770
22.170,66.370,546.600,0.000,0.025,13.110,0.661,57.300,22.560
28.610,79.090,683.300,1.000,0.306,-8.660,2.347,62.570,28.750
35.480,69.850,215.800,0.000,0.105,-4.360,1.531,57.930,35.300
24.790,51.160,368.100,0.000,0.137,0.600,0.846,55.370,25.040
32.600,57.720,534.100,0.000,-0.329,-7.390,2.684,61.740,32.480
35.930,69.210,340.800,0.000,-0.230,0.000,2.037,60.210,35.800
38.950,56.300,608.400,0.000,-0.061,8.920,2.718,65.510,38.650
24.420,69.660,647.000,0.000,-0.297,-5.460,1.239,59.770,24.690
19.240,64.130,260.900,0.000,-0.287,5.870,0.240,52.010,19.750
30.340,52.510,408.600,0.000,-0.049,6.310,1.903,58.610,30.370
37.240,81.490,713.000,1.000,0.138,2.750,3.376,67.170,37.140
30.250,52.010,258.900,1.000,-0.068,3.080,1.415,56.060,30.290
23.170,63.010,440.500,0.000,-0.162,-5.390,0.677,55.810,23.520
29.200,59.710,360.000,0.000,-0.082,1.700,1.589,56.980,29.300
25.030,79.200,202.800,0.000,0.384,1.180,0.728,53.970,25.340
32.600,50.610,589.400,0.000,0.420,3.850,2.922,62.490,32.590
39.980,58.490,360.800,0.000,0.139,5.730,1.661,63.050,39.630
28.830,64.260,514.000,0.000,0.070,-5.420,1.930,59.360,29.050
31.110,81.720,728.400,1.000,0.323,5.250,3.147,64.340,31.100
35.050,70.100,747.400,1.000,-0.459,-3.070,3.659,65.660,34.930
33.110,59.340,789.400,1.000,0.034,-8.450,3.746,66.140,32.950
25.810,83.170,186.600,0.000,-0.304,-6.710,0.743,52.890,26.000
41.400,51.640,215.300,0.000,-0.360,-4.620,1.101,61.070,41.000
28.030,66.190,621.200,0.000,0.116,1.260,2.048,61.460,28.020
40.790,54.950,769.500,1.000,-0.265,1.930,2.740,68.850,40.310
20.440,57.960,207.700,0.000,0.119,4.260,0.270,50.890,20.830
31.450,56.560,325.600,0.000,0.111,-0.440,1.792,58.160,31.470
37.270,52.630,231.800,0.000,-0.013,7.020,1.600,58.820,37.060
34.480,77.330,212.400,0.000,-0.009,0.690,1.513,57.190,34.320
37.870,68.220,667.500,1.000,0.163,-13.860,3.135,66.320,37.650
20.620,73.500,692.100,1.000,-0.267,-8.420,0.577,58.540,21.150
25.620,68.250,351.400,0.000,0.250,11.990,0.969,55.440,25.870
18.520,80.510,584.300,0.000,-0.370,-13.240,0.242,56.050,19.070
37.360,63.480,748.700,1.000,-0.153,-5.920,3.500,67.000,37.130
31.020,56.880,541.100,1.000,0.052,2.770,2.541,61.380,31.010
22.440,68.730,592.500,0.000,-0.180,12.210,0.731,57.690,22.860
18.850,82.380,198.200,0.000,-0.094,1.890,0.176,50.230,19.330
26.420,69.530,646.600,0.000,-0.240,-21.990,1.707,61.090,26.580
35.150,50.030,257.000,0.000,-0.024,-3.380,1.755,58.630,35.060
30.120,81.570,251.600,0.000,0.041,3.520,1.488,56.130,30.200
18.950,72.020,441.200,1.000,0.105,0.770,0.262,54.270,19.430
30.310,73.100,688.000,1.000,0.098,0.310,2.847,63.180,30.380
30.180,74.520,353.900,0.000,-0.284,0.520,1.754,58.230,30.420
31.020,59.810,610.400,0.000,0.349,-13.290,2.686,62.750,31.170
33.080,59.370,416.700,0.000,0.140,8.900,2.307,60.330,33.120
25.880,60.120,655.000,1.000,-0.430,9.160,1.582,60.460,26.110
26.930,49.920,599.900,0.000,-0.149,3.080,1.719,59.830,27.060
38.690,48.190,758.200,1.000,0.343,-19.740,3.319,67.860,38.520
24.250,52.970,499.000,0.000,-0.641,-13.210,0.989,57.890,24.530
29.730,56.000,311.400,0.000,-0.120,7.970,1.565,57.060,29.810
40.690,73.860,748.900,1.000,-0.332,-22.960,2.739,68.530,40.290
22.400,69.130,317.400,0.000,0.124,-15.960,0.535,53.800,22.720
19.070,60.760,776.900,1.000,0.077,7.700,0.426,59.420,19.630
39.430,71.450,276.400,0.000,0.196,-4.870,1.536,60.730,39.230
36.110,77.150,658.200,1.000,-0.122,-7.010,3.287,65.530,35.990
36.640,54.130,464.100,0.000,-0.052,-9.050,2.496,62.750,36.440
19.570,50.140,219.800,0.000,-0.335,-1.350,0.226,50.510,20.170
40.490,47.860,840.200,1.000,-0.254,-1.060,3.072,69.910,40.190
35.230,71.230,278.200,1.000,0.058,-10.700,1.813,59.490,35.200
20.320,51.940,189.800,0.000,-0.037,8.370,0.171,50.530,20.670
27.320,77.620,666.400,1.000,-0.257,21.500,2.057,61.940,27.460
29.960,47.540,824.700,1.000,0.180,-1.950,3.179,65.210,30.030
34.940,49.520,550.400,0.000,0.271,-0.040,2.941,62.880,34.710
29.250,50.090,325.300,0.000,-0.433,19.350,1.522,56.910,29.410
35.780,84.930,244.800,0.000,0.523,-3.820,1.661,58.780,35.720
18.490,70.300,567.600,0.000,-0.225,0.810,0.299,55.980,18.930
21.920,60.780,403.600,0.000,0.019,-8.840,0.489,55.220,22.370
18.760,70.040,162.100,0.000,-0.024,14.670,0.154,49.560,19.280
35.240,74.280,250.100,0.000,-0.655,3.360,1.691,58.390,34.960
26.860,62.380,778.400,1.000,-0.462,9.610,2.094,63.070,27.060
24.770,56.780,371.100,0.000,0.618,-9.620,0.877,55.760,24.980
18.160,75.730,639.900,0.000,-0.013,11.380,0.261,56.760,18.790
24.590,53.800,324.500,0.000,-0.598,-25.350,0.796,54.610,24.840
27.710,68.170,336.600,0.000,-0.202,-16.510,1.371,55.960,27.780
30.910,57.450,192.700,0.000,0.496,-4.860,1.343,54.980,30.890
28.440,59.540,478.600,0.000,0.084,-5.330,1.807,58.890,28.620
21.260,70.490,198.600,0.000,-0.148,14.750,0.298,51.420,21.650
38.530,56.020,663.800,1.000,0.469,4.970,2.939,66.950,38.360
38.190,67.050,360.800,0.000,-0.100,-1.940,1.937,62.170,37.900
31.680,75.440,632.900,0.000,-0.243,8.010,2.918,62.940,31.680
39.350,51.600,520.400,0.000,0.351,-12.260,2.257,64.570,38.920
30.830,74.150,631.100,0.000,0.051,0.690,2.738,62.520,30.910
37.660,61.500,643.300,0.000,0.757,6.920,3.063,66.170,37.510
41.810,65.510,397.200,0.000,0.298,13.750,1.541,63.850,41.260
31.760,52.580,241.300,0.000,0.282,6.140,1.501,56.780,31.840
20.380,62.440,835.900,1.000,-0.637,-12.120,0.650,61.070,20.830
18.210,70.540,289.800,0.000,0.087,-5.480,0.169,51.380,18.880
21.170,69.060,690.900,1.000,0.304,11.620,0.592,58.590,21.670
25.600,54.130,265.700,0.000,0.050,8.360,0.818,54.680,25.830
40.420,49.880,551.600,0.000,0.394,13.440,2.240,65.840,40.090
26.380,45.550,227.700,0.000,0.350,-6.340,0.812,53.990,26.520
21.150,57.410,752.700,1.000,-0.012,-8.190,0.620,60.180,21.430
30.600,64.100,416.400,0.000,0.106,5.840,2.004,59.150,30.660
39.470,58.360,455.200,0.000,0.266,-8.780,2.147,63.290,39.140
38.340,51.430,632.300,0.000,0.432,-5.890,2.927,65.790,38.010
23.960,49.490,685.800,1.000,-0.300,8.840,1.183,60.480,24.270
18.750,53.730,722.000,1.000,-0.003,15.190,0.355,58.090,19.350
35.830,53.130,742.700,1.000,-0.135,-4.920,3.564,66.600,35.730
22.820,50.140,321.900,0.000,-0.067,-13.400,0.530,54.310,23.260
39.900,79.880,296.600,0.000,-0.186,-0.010,1.561,61.310,39.740
21.220,77.870,849.400,1.000,0.260,-1.080,0.772,61.260,21.700
41.240,69.930,693.700,1.000,0.413,-0.120,2.432,67.970,40.850
22.520,49.080,316.800,0.000,-0.268,-5.810,0.538,53.720,22.910
28.710,77.860,313.700,0.000,-0.313,14.990,1.422,56.540,28.790
31.500,50.570,296.600,0.000,-0.208,6.270,1.653,57.650,31.590
24.900,45.580,292.800,0.000,-0.500,10.100,0.793,54.620,25.050
23.660,82.900,841.700,1.000,0.039,-7.920,1.219,62.790,23.900
35.920,50.810,782.400,1.000,-0.397,1.140,3.776,67.250,35.670
25.560,56.030,704.500,1.000,0.180,-3.070,1.650,61.050,25.820
26.520,72.840,274.200,0.000,-0.327,11.030,1.007,54.810,26.700
23.540,67.140,391.800,0.000,0.054,1.130,0.637,55.180,23.950
25.550,77.980,758.500,1.000,-0.380,-12.780,1.620,61.750,25.910
26.710,75.320,353.200,0.000,0.196,2.250,1.127,56.460,27.000
32.040,68.160,238.500,0.000,0.032,0.690,1.526,56.540,32.150
25.620,46.650,576.400,1.000,-0.238,-0.700,1.334,59.180,25.840
39.220,48.700,466.300,0.000,-0.269,-4.510,2.180,63.160,38.930
25.250,59.810,640.900,0.000,-0.382,4.540,1.479,59.920,25.420
37.240,66.150,756.800,1.000,-0.241,4.610,3.538,66.920,37.040
40.050,77.450,252.300,0.000,-0.831,-11.710,1.310,60.600,39.750
19.640,84.020,534.400,0.000,0.387,5.370,0.330,56.530,20.090
38.410,47.190,642.300,0.000,0.098,-9.170,2.975,65.670,38.120
22.340,77.160,497.800,0.000,-0.438,10.420,0.688,56.190,22.690
30.750,79.920,443.700,0.000,0.527,-8.590,2.095,59.330,30.830
38.540,62.210,493.400,0.000,0.389,-6.740,2.427,63.970,38.150
18.960,62.620,251.100,0.000,0.161,0.880,0.195,51.430,19.490
30.490,72.260,246.600,0.000,-0.096,1.220,1.450,56.870,30.460
23.680,65.310,600.300,0.000,-0.222,5.940,0.944,58.610,24.010
35.430,80.830,260.800,0.000,0.381,-6.320,1.741,59.150,35.200
34.840,58.690,518.500,0.000,0.169,7.510,2.819,62.400,34.730
22.480,70.840,479.500,0.000,0.066,-3.150,0.682,56.160,22.930
22.170,63.590,578.500,0.000,-0.413,0.090,0.694,58.120,22.510
37.220,77.320,438.300,0.000,-0.125,3.190,2.289,62.600,37.010
18.370,67.990,349.300,0.000,-0.179,-5.610,0.198,52.240,18.870
38.880,75.220,707.600,1.000,0.243,-0.020,3.086,66.940,38.590
31.050,50.100,491.800,0.000,0.111,4.510,2.344,59.990,31.100
32.130,46.330,496.100,0.000,0.314,0.690,2.532,61.080,32.190
37.220,79.670,770.100,1.000,-0.102,5.320,3.560,67.000,37.050
36.050,70.080,233.800,0.000,0.212,-2.340,1.718,58.660,35.960
29.940,54.060,548.800,0.000,0.262,13.160,2.263,60.840,30.000
21.130,77.100,168.500,0.000,0.028,-16.010,0.274,50.980,21.560
24.570,82.740,245.600,0.000,0.522,0.070,0.672,53.200,24.830
22.040,79.660,821.700,1.000,-0.345,-7.060,0.803,61.040,22.440
23.610,55.530,654.500,1.000,-0.210,-8.430,1.055,59.790,23.980
25.860,69.740,782.900,1.000,-0.708,-4.040,1.819,63.090,26.160
40.230,48.210,264.000,0.000,0.186,3.260,1.369,60.620,39.900
38.280,75.860,229.500,0.000,-0.201,-3.540,1.509,59.180,38.000
38.910,80.530,660.500,1.000,0.520,3.910,2.887,66.400,38.720
19.990,82.150,542.300,0.000,-0.200,6.440,0.403,55.690,20.570
23.340,80.060,598.300,0.000,-0.681,10.780,0.906,58.570,23.620
25.790,62.920,617.400,0.000,-0.072,-1.010,1.431,60.530,26.080
29.080,69.120,252.500,0.000,0.351,4.710,1.192,55.990,29.080
33.200,63.260,166.900,0.000,-0.059,-2.410,1.371,56.340,33.160
38.790,64.020,248.400,0.000,-0.248,-2.510,1.488,60.150,38.460
18.250,59.740,636.100,0.000,0.093,4.840,0.293,56.720,18.860
28.830,72.240,163.400,0.000,0.122,5.610,0.987,53.890,28.920
30.810,49.990,663.400,1.000,0.247,6.180,2.876,62.420,30.770
19.800,58.330,200.400,0.000,0.232,7.450,0.184,50.810,20.340
39.430,76.870,737.500,1.000,-0.047,4.670,3.043,68.570,39.190
36.110,52.960,385.400,0.000,-0.203,3.850,2.186,61.270,36.120
25.390,84.060,367.700,0.000,0.133,-4.890,0.999,56.350,25.690
19.160,49.650,509.300,0.000,0.303,5.040,0.261,55.310,19.740
36.680,48.950,163.600,0.000,-0.037,-3.180,1.466,57.820,36.490
28.390,60.320,566.500,0.000,-0.538,0.230,1.952,60.270,28.650
40.900,55.630,747.000,1.000,-0.075,-9.070,2.735,69.620,40.360
29.610,60.680,671.200,1.000,-0.140,-10.630,2.619,63.410,29.750
27.070,67.950,441.300,0.000,0.049,6.390,1.321,58.250,27.240
37.960,55.810,406.600,0.000,-0.080,0.420,2.121,61.600,37.670
31.420,60.660,784.800,1.000,-0.212,-4.560,3.366,65.190,31.490
19.790,65.510,755.000,1.000,-0.336,-10.290,0.463,59.470,20.160
28.190,84.860,745.000,1.000,0.529,4.480,2.440,63.280,28.350
18.980,65.040,318.400,0.000,-0.057,13.840,0.240,52.360,19.460
31.730,62.750,670.000,1.000,-0.548,0.110,3.039,64.420,31.740
40.380,46.550,391.400,0.000,-0.191,-3.860,1.753,62.680,40.010
32.500,68.960,834.000,1.000,-0.461,3.920,3.781,65.830,32.500
22.490,64.390,344.400,0.000,-0.608,-8.110,0.546,54.320,22.840
33.700,50.440,603.800,0.000,0.085,12.460,2.964,63.500,33.630
31.320,53.460,622.300,0.000,0.107,-10.580,2.764,62.370,31.320
23.580,48.450,450.600,0.000,-0.149,13.500,0.743,55.870,24.070
40.000,67.620,789.800,1.000,0.241,2.870,3.094,68.940,39.580
34.290,54.500,274.800,0.000,0.272,5.370,1.789,58.190,34.170
37.200,73.210,742.500,1.000,-0.135,5.350,3.484,66.960,36.900
39.260,58.880,199.600,0.000,0.151,11.440,1.233,59.420,38.840
35.340,83.710,608.700,0.000,-0.401,4.490,3.146,64.310,35.260
34.650,61.170,586.500,0.000,-0.168,2.290,3.056,63.600,34.590
35.850,76.890,831.400,1.000,0.201,-2.980,4.001,67.720,35.610
38.990,70.020,263.500,0.000,-0.114,-16.510,1.586,60.150,38.760
34.530,52.740,492.500,0.000,0.516,1.810,2.652,61.690,34.460
28.060,56.990,644.200,0.000,-0.030,-8.080,2.205,61.310,28.150
27.200,45.040,702.100,1.000,-0.065,0.510,2.031,62.050,27.340
35.870,82.930,202.300,0.000,0.101,18.510,1.571,58.220,35.630
31.430,80.000,615.300,0.000,-0.347,-5.810,2.849,62.130,31.400
33.680,77.400,419.500,0.000,0.005,0.760,2.294,60.700,33.630
28.700,63.140,541.100,0.000,0.144,-3.910,1.954,60.230,28.740
29.710,47.990,701.000,1.000,0.093,10.320,2.718,63.390,29.800
27.990,57.210,382.900,0.000,-0.122,15.660,1.455,57.440,28.050
21.910,62.140,161.300,0.000,0.194,-14.540,0.331,50.950,22.330
24.460,64.880,500.200,0.000,-0.217,0.550,1.007,57.770,24.930
31.810,81.360,749.500,1.000,0.243,-4.990,3.379,64.760,31.890
28.730,65.390,828.400,1.000,-0.388,1.540,2.719,64.410,28.780
41.110,78.240,631.700,0.000,-0.229,4.780,2.351,66.590,40.710
30.390,73.750,284.800,0.000,-0.551,2.710,1.576,57.140,30.410
22.430,55.840,379.700,0.000,0.465,-3.490,0.525,55.620,22.910
30.240,77.880,520.800,0.000,-0.433,9.740,2.217,60.040,30.260
31.280,49.410,173.500,0.000,-0.104,7.290,1.272,55.710,31.310
26.380,78.810,300.400,0.000,0.059,-8.350,0.996,55.220,26.620
31.040,55.160,441.000,1.000,0.038,3.900,2.139,59.860,31.070
23.010,59.470,323.000,0.000,0.014,-8.390,0.632,53.840,23.420
18.980,82.870,246.800,0.000,-0.327,-2.430,0.178,50.910,19.540
28.270,59.890,577.300,0.000,0.173,0.200,1.990,61.010,28.390
29.420,76.830,681.600,1.000,0.595,-8.990,2.531,62.180,29.530
27.900,72.340,692.300,1.000,-0.206,-8.500,2.173,62.440,28.080
28.700,70.860,252.600,0.000,-0.419,1.680,1.232,55.820,28.760
41.870,51.770,405.200,0.000,-0.216,10.360,1.485,64.580,41.400
22.790,50.700,681.200,1.000,0.264,-9.300,0.902,59.920,23.110
27.550,84.780,344.000,0.000,0.545,-3.230,1.221,56.460,27.740
29.780,72.250,636.900,0.000,-0.024,-2.520,2.659,62.180,29.930
38.230,83.590,272.900,0.000,-0.013,-1.400,1.704,60.050,37.910
40.960,80.350,540.600,0.000,-0.378,-2.640,2.025,65.480,40.570
29.630,83.210,396.700,0.000,0.375,4.670,1.703,58.780,29.720
21.930,70.510,565.600,0.000,0.099,4.550,0.648,57.540,22.260
25.880,63.500,323.300,1.000,-0.057,4.050,0.926,55.330,26.110
38.360,54.400,724.800,1.000,0.230,-14.760,3.200,67.550,38.130
31.820,83.240,280.200,0.000,-0.097,-6.270,1.699,57.620,31.890
32.730,79.780,490.300,0.000,-0.161,-0.870,2.461,61.380,32.690
40.840,50.970,597.700,0.000,-0.278,7.530,2.331,66.630,40.420
37.700,49.180,625.800,0.000,-0.264,6.430,2.989,65.450,37.500
39.930,52.540,663.000,1.000,-0.060,-0.620,2.651,66.970,39.620
26.610,59.050,555.900,0.000,-0.117,-6.270,1.555,59.280,26.810
19.430,69.330,271.000,0.000,-0.237,0.200,0.249,51.750,19.890
38.800,81.270,640.800,0.000,0.208,8.390,2.774,65.820,38.610
24.740,66.080,698.400,1.000,-0.256,3.180,1.374,61.010,25.050
29.380,60.020,541.700,0.000,-0.195,-1.970,2.173,60.620,29.550
29.010,63.710,224.200,0.000,-0.211,10.570,1.169,55.630,29.210
34.810,83.790,214.900,0.000,0.020,-14.970,1.597,57.910,34.760
23.160,63.590,384.600,0.000,-0.323,-0.950,0.589,55.400,23.560
40.220,80.250,688.700,1.000,-0.256,12.180,2.688,67.630,39.800
26.590,50.030,523.700,0.000,0.505,3.680,1.493,58.780,26.880
32.300,62.260,396.200,0.000,0.452,-1.270,2.233,59.470,32.300
28.890,52.630,566.600,0.000,-0.261,-6.070,2.139,60.700,29.000
18.250,64.310,398.300,0.000,0.440,0.440,0.163,53.180,18.910
19.630,50.780,791.100,1.000,-0.096,3.270,0.415,59.940,20.230
27.010,48.000,520.200,0.000,0.190,3.290,1.551,59.510,27.240
18.660,75.590,484.300,0.000,0.135,9.930,0.223,54.380,19.240
33.080,46.510,612.500,0.000,-0.364,3.660,3.059,63.270,33.110
24.930,63.390,688.600,1.000,0.056,-0.920,1.382,61.410,25.200
22.760,75.650,800.400,1.000,-0.274,-12.960,1.001,61.480,23.000
37.020,50.590,345.900,1.000,-0.077,-5.190,2.075,60.900,36.860
19.420,46.310,661.500,1.000,0.692,-0.810,0.354,57.380,19.910
37.630,78.080,804.700,1.000,-0.042,-11.520,3.710,68.030,37.370
31.230,77.350,787.600,1.000,-0.019,-0.670,3.387,65.030,31.290
28.560,45.820,573.800,0.000,0.253,-9.250,2.122,60.550,28.720
28.530,71.840,821.800,1.000,-0.515,-2.940,2.709,64.850,28.750
40.220,61.960,277.400,0.000,0.142,-16.720,1.479,60.940,39.950
20.780,63.400,233.500,0.000,0.136,-6.600,0.343,52.020,21.300
31.600,81.830,542.200,0.000,-0.190,-7.930,2.622,60.800,31.530
20.110,74.550,671.400,1.000,-0.004,6.730,0.529,57.970,20.530
34.180,80.870,413.200,0.000,-0.107,3.670,2.333,60.890,34.100
22.870,46.720,754.300,1.000,-0.132,1.410,0.985,60.920,23.240
18.880,73.870,345.700,0.000,-0.477,-11.960,0.176,52.650,19.390
36.480,67.890,488.800,0.000,0.043,-1.800,2.621,63.110,36.350
31.330,47.450,446.700,0.000,-0.303,-15.010,2.220,60.310,31.370
23.420,49.240,387.600,0.000,0.495,-6.630,0.823,55.460,23.690
18.930,56.290,167.700,0.000,-0.218,-16.870,0.147,50.250,19.520
25.920,78.060,400.900,0.000,-0.623,-11.030,1.158,57.030,26.220
29.900,46.070,179.400,0.000,0.092,-2.710,1.148,54.950,29.990
31.980,67.470,266.400,0.000,-0.086,-15.380,1.665,57.480,32.060
32.430,45.420,431.300,0.000,0.415,4.860,2.272,60.150,32.470
24.240,49.450,304.200,0.000,0.315,-11.890,0.710,54.220,24.440
27.460,58.400,771.700,1.000,-0.199,-3.900,2.250,63.740,27.690
32.810,84.400,515.700,0.000,-0.421,-4.870,2.698,61.810,32.770
20.170,66.320,557.000,0.000,0.331,-6.500,0.367,56.870,20.580
38.420,51.030,264.100,0.000,-0.488,-11.820,1.533,60.510,38.260
35.310,64.770,212.200,0.000,-0.444,-0.100,1.572,58.180,35.170
29.750,53.000,180.700,0.000,0.027,-8.580,1.129,54.830,29.800
26.770,72.030,581.600,0.000,-0.243,7.490,1.625,60.010,27.010
36.840,64.210,216.400,0.000,-0.046,3.670,1.566,58.080,36.680
21.980,57.090,497.300,0.000,0.019,7.170,0.562,56.840,22.430
26.300,56.080,847.400,1.000,0.002,-8.360,2.015,63.840,26.670
20.510,52.650,431.400,0.000,-0.159,11.610,0.361,54.400,20.840
38.530,68.830,408.700,0.000,0.043,-7.900,2.116,62.230,38.250
26.080,55.800,428.600,0.000,0.049,-15.150,1.184,57.550,26.280
34.870,68.500,240.400,0.000,-0.015,1.010,1.737,58.350,34.850
32.640,65.750,433.500,0.000,0.231,-15.230,2.274,60.250,32.530
38.790,81.630,247.700,0.000,-0.392,-6.950,1.508,59.560,38.610
41.420,82.210,389.100,0.000,-0.097,-5.660,1.547,63.290,41.010
26.420,72.740,329.600,0.000,-0.178,8.530,1.138,55.780,26.550
33.470,57.010,717.900,1.000,-0.099,0.880,3.488,65.500,33.480
30.330,69.720,491.000,0.000,-0.345,-2.790,2.204,59.930,30.410
29.070,68.070,329.200,0.000,-0.269,-12.740,1.474,56.870,29.190
26.540,47.840,612.800,0.000,-0.031,0.710,1.637,60.100,26.700
40.380,47.420,476.400,0.000,0.298,12.350,2.010,64.040,40.100
33.490,73.590,784.900,1.000,0.245,17.880,3.741,66.110,33.390
38.460,62.290,394.400,0.000,0.132,-8.340,2.074,62.630,38.150
41.000,81.990,576.500,0.000,-0.220,1.950,2.233,65.860,40.660
23.100,64.670,588.200,0.000,-0.098,-6.410,0.886,58.820,23.490
21.200,55.820,595.200,0.000,-0.667,-7.880,0.614,58.020,21.640
38.880,52.900,779.500,1.000,0.098,-13.870,3.356,68.500,38.500
20.310,54.400,472.200,1.000,0.200,-6.050,0.337,55.310,20.690
27.100,49.510,206.800,0.000,-0.748,17.950,0.937,54.070,27.260
21.180,69.400,615.200,0.000,0.187,1.610,0.616,57.770,21.600
31.220,84.690,165.800,0.000,0.219,-21.040,1.262,55.510,31.170
29.960,54.020,612.900,0.000,-0.213,17.930,2.516,61.480,30.170
34.030,60.720,595.600,0.000,0.126,-0.880,3.099,63.690,33.970
32.980,65.110,363.000,1.000,-0.264,15.770,2.141,58.930,33.000
20.590,53.770,637.100,0.000,-0.076,4.680,0.501,58.260,21.000
33.570,55.230,663.300,1.000,-0.686,2.510,3.226,64.740,33.290
19.100,81.210,489.100,0.000,0.468,-12.060,0.248,54.740,19.530
22.610,73.610,822.300,1.000,0.119,-0.250,1.045,61.610,22.880
36.400,45.780,726.300,1.000,0.251,-8.450,3.536,66.760,36.200
24.210,83.380,519.400,0.000,0.094,-3.440,0.958,58.000,24.600
20.840,52.740,267.600,0.000,-0.288,-6.030,0.275,52.490,21.310
33.560,72.340,737.200,1.000,0.170,2.080,3.546,65.040,33.600
40.860,46.730,341.000,0.000,-0.242,-2.750,1.460,62.560,40.540
30.110,76.440,469.600,0.000,-0.192,-2.200,2.024,59.780,30.280
41.790,56.430,544.600,0.000,-0.528,6.090,1.911,65.830,41.450
29.610,74.490,820.800,1.000,0.779,2.990,3.049,64.840,29.690
20.920,70.210,662.500,1.000,0.301,10.020,0.492,58.620,21.440
32.370,76.340,672.100,1.000,-0.460,5.150,3.198,64.000,32.450
39.330,61.190,326.800,0.000,-0.007,-1.080,1.628,61.100,38.910
28.440,70.180,586.100,0.000,-0.249,8.170,2.028,61.040,28.630
26.320,82.160,222.700,0.000,0.744,10.890,0.836,54.740,26.480
23.980,60.530,753.600,1.000,0.147,3.360,1.231,60.790,24.250
37.280,80.010,676.600,1.000,0.253,5.320,3.254,66.570,37.060
22.930,45.760,181.600,0.000,-0.165,-1.310,0.406,52.330,23.380
21.430,57.400,321.400,0.000,-0.208,10.580,0.312,53.730,21.850
34.630,74.650,250.600,0.000,-0.379,5.630,1.728,58.410,34.510
30.550,48.480,257.100,0.000,0.522,-2.980,1.486,56.320,30.540
25.740,55.460,440.100,0.000,0.272,6.430,1.088,57.040,26.030
34.930,54.970,789.800,1.000,-0.219,6.560,3.816,66.490,34.830
29.890,77.700,830.800,1.000,-0.186,-1.190,3.119,65.210,30.130
19.750,50.870,509.900,0.000,0.062,-3.720,0.355,55.600,20.290
23.730,62.560,819.700,1.000,0.311,4.020,1.265,62.040,24.040
26.520,74.000,770.400,1.000,-0.132,-11.030,2.019,62.760,26.760
33.160,46.730,342.200,0.000,-0.227,-10.210,2.027,58.990,33.050
28.930,75.610,751.100,1.000,0.134,-1.000,2.639,63.090,28.920
41.900,76.330,375.000,0.000,0.100,2.360,1.446,63.170,41.490
31.340,72.310,657.200,1.000,-0.051,-11.880,2.967,62.770,31.310
28.770,50.030,749.700,1.000,-0.163,4.770,2.525,63.460,28.960
34.950,50.620,497.700,1.000,-0.130,-7.610,2.607,62.760,34.880
40.530,83.620,384.000,0.000,-0.190,-7.880,1.728,62.470,40.210
35.770,51.390,696.900,1.000,-0.090,-3.330,3.446,65.720,35.550
37.180,58.550,651.600,1.000,0.050,-8.190,3.143,66.110,36.930
20.660,71.290,556.700,0.000,0.510,-8.770,0.457,56.820,20.960
28.990,59.850,635.000,0.000,0.045,8.680,2.379,61.890,29.150
32.700,83.360,480.600,0.000,-0.166,-3.290,2.495,60.200,32.720
18.650,68.940,666.800,1.000,-0.219,4.500,0.274,57.560,19.130
35.150,56.680,405.800,0.000,-0.186,-1.060,2.355,60.510,34.930
30.200,57.180,770.300,1.000,-0.262,1.460,3.025,64.170,30.350
26.640,80.290,416.600,0.000,0.174,3.020,1.278,57.160,26.920
38.820,62.740,572.300,0.000,-0.248,-6.010,2.659,65.250,38.620
18.850,67.060,533.700,0.000,-0.080,-4.470,0.255,55.740,19.420
29.790,58.160,680.000,1.000,-0.410,8.700,2.662,62.710,30.020
29.640,65.790,713.600,1.000,-0.933,2.320,2.731,63.760,29.840
30.580,84.300,664.800,1.000,-0.103,17.740,2.825,63.470,30.620
26.670,46.680,814.500,1.000,0.001,-2.710,2.094,63.730,26.940
29.570,53.220,668.900,1.000,-0.427,0.060,2.629,62.230,29.650
22.840,76.280,372.600,0.000,-0.260,0.230,0.591,54.550,23.260
30.160,64.970,538.900,0.000,0.630,-14.540,2.319,61.090,30.360
34.470,82.780,643.300,0.000,-0.246,5.580,3.270,65.030,34.310
20.100,75.500,566.900,0.000,-0.457,-6.660,0.462,57.300,20.600
30.930,65.100,346.200,1.000,-0.047,2.800,1.814,58.120,30.990
34.590,77.010,359.400,0.000,-0.067,6.810,2.088,59.970,34.480
20.080,72.820,719.700,1.000,0.313,-1.470,0.503,59.260,20.550
32.220,45.800,194.200,0.000,-0.396,-5.540,1.352,56.320,32.250
24.410,51.710,482.900,0.000,0.485,5.250,0.964,57.630,24.750
32.050,76.950,713.800,1.000,0.085,1.280,3.244,64.990,32.090
38.240,45.380,377.500,0.000,0.138,6.980,2.007,61.830,38.010
41.510,56.050,169.600,0.000,0.082,-20.490,1.029,59.880,41.070
27.540,54.850,269.400,0.000,0.595,8.500,1.109,55.520,27.770
28.560,60.970,646.500,0.000,-0.032,-21.110,2.248,61.670,28.610
21.120,49.080,453.700,0.000,-0.439,19.770,0.400,55.560,21.570
40.570,60.930,490.300,0.000,0.511,-1.130,2.051,64.580,40.160
24.000,81.920,796.200,1.000,0.184,3.590,1.295,61.930,24.330
38.900,60.720,456.800,0.000,-0.092,-7.350,2.247,63.490,38.490
29.170,66.020,334.200,0.000,0.224,6.440,1.502,57.020,29.390
34.170,55.820,350.000,0.000,0.597,-5.320,2.138,59.670,34.150
37.130,48.400,296.900,0.000,0.027,2.350,1.800,60.070,36.950
23.040,64.010,547.800,0.000,-0.391,-3.490,0.798,58.120,23.330
32.670,67.790,607.700,0.000,0.132,-10.120,2.976,63.000,32.580
35.280,80.320,728.600,1.000,-0.049,0.100,3.627,66.410,35.210
26.650,65.190,288.500,0.000,0.119,2.260,1.061,55.100,26.840
20.690,66.240,790.700,1.000,0.067,-3.520,0.637,60.110,21.080
26.330,69.590,578.700,0.000,0.053,-12.660,1.516,58.870,26.660
33.800,72.730,347.800,0.000,0.062,-9.010,2.069,59.410,33.820
37.230,63.770,357.300,0.000,0.028,-3.340,2.022,60.860,36.920
30.090,65.020,542.400,0.000,-0.246,7.540,2.373,61.210,30.160
29.090,74.970,642.800,0.000,-0.254,5.790,2.352,61.740,29.290
39.370,63.880,412.500,0.000,0.501,-3.950,2.006,63.000,39.030
38.540,79.010,654.500,1.000,0.185,-14.280,2.953,66.530,38.350
39.410,77.760,726.300,1.000,0.013,2.940,2.971,67.550,39.130
26.730,81.190,710.900,1.000,-0.093,6.880,1.951,62.540,26.940
27.530,64.580,535.700,1.000,0.232,-14.730,1.771,59.710,27.740
25.710,67.400,465.100,0.000,0.312,-11.320,1.165,57.790,26.120
27.260,70.820,530.700,0.000,0.007,-3.350,1.565,58.930,27.480
38.690,51.220,490.100,0.000,0.337,5.140,2.346,63.860,38.430
37.470,82.000,557.100,0.000,-0.375,-0.280,2.781,64.580,37.190
26.180,65.110,831.600,1.000,0.123,-23.790,1.883,63.530,26.310
20.570,74.330,281.900,0.000,-0.535,-17.490,0.304,52.510,21.100
39.380,60.740,849.500,1.000,-0.501,0.910,3.423,69.320,39.090
23.210,63.750,556.700,0.000,-0.314,-18.670,0.828,57.730,23.620
34.770,72.920,181.700,0.000,0.431,7.260,1.480,57.340,34.650
41.170,64.560,578.100,0.000,-0.132,-12.800,2.173,66.210,40.870
19.660,59.130,550.500,0.000,0.208,-17.060,0.372,56.380,20.050
19.520,56.060,640.400,0.000,0.270,-13.850,0.369,56.970,20.140
18.770,63.240,470.200,0.000,-0.266,18.210,0.181,54.530,19.410
38.430,56.680,554.500,0.000,-0.141,3.710,2.615,65.010,38.260
40.780,57.390,337.200,0.000,0.384,12.550,1.630,62.270,40.430
29.830,69.270,236.500,0.000,0.182,1.330,1.275,56.080,29.830
22.670,55.570,398.600,0.000,0.054,-7.680,0.677,55.160,23.020
32.840,52.360,183.800,0.000,-0.076,-7.280,1.390,56.260,32.730
21.950,82.970,703.800,1.000,-0.408,-3.730,0.782,59.450,22.340
32.910,51.590,596.700,0.000,-0.623,-2.450,2.904,62.930,32.910
33.340,57.780,620.300,0.000,0.241,-0.850,3.099,63.510,33.240
30.250,68.810,352.600,0.000,-0.263,-1.150,1.792,57.360,30.400
25.280,82.660,226.500,0.000,0.201,1.020,0.750,53.700,25.540
31.400,58.280,418.600,0.000,-0.027,4.510,2.091,59.480,31.310
19.290,71.430,641.700,0.000,-0.546,0.150,0.459,57.490,19.770
19.450,83.940,203.900,0.000,0.306,2.990,0.177,50.810,20.020
31.380,49.760,446.400,0.000,-0.019,-1.370,2.231,59.620,31.370
41.080,51.090,806.100,1.000,-0.206,3.150,2.814,69.870,40.670
37.690,45.230,576.400,0.000,-0.190,-3.390,2.771,64.620,37.540
36.500,50.300,418.200,0.000,-0.028,-6.870,2.355,61.670,36.180
23.800,50.810,377.100,0.000,0.299,1.930,0.773,55.410,23.970
28.380,46.180,642.400,0.000,0.226,-2.190,2.203,61.680,28.480
41.630,66.460,314.000,0.000,0.195,-5.890,1.299,62.290,41.320
34.760,83.360,819.100,1.000,0.466,3.500,4.008,67.050,34.540
19.350,45.880,740.200,1.000,0.133,16.610,0.397,59.310,19.950
19.420,77.240,761.500,1.000,-0.083,-3.730,0.432,59.240,19.920
24.620,76.010,163.000,0.000,-0.318,2.130,0.589,52.270,24.880
28.450,46.430,655.200,1.000,0.034,4.380,2.280,61.980,28.590
31.510,76.250,213.200,0.000,0.272,0.710,1.489,56.070,31.450
23.420,48.580,583.400,0.000,-0.219,-12.390,0.927,58.630,23.740
27.170,56.280,254.800,0.000,-0.464,3.530,1.061,55.060,27.390
31.730,83.630,835.300,1.000,-0.363,5.200,3.616,66.490,31.720
22.760,50.890,292.600,0.000,-0.174,3.410,0.463,52.970,23.160
27.260,55.950,551.000,0.000,0.426,-2.170,1.692,60.200,27.400
27.210,65.340,419.300,0.000,-0.051,-0.850,1.411,57.730,27.490
41.290,59.190,389.100,0.000,-0.183,-2.400,1.509,63.520,40.800
22.870,63.010,751.000,1.000,-0.193,8.210,0.902,60.370,23.330
29.900,56.580,330.300,0.000,0.181,-0.090,1.643,57.310,29.850
18.060,65.970,759.700,1.000,-0.158,3.020,0.305,58.710,18.610
18.770,72.360,787.100,1.000,0.040,-10.160,0.402,59.830,19.270
25.740,53.530,693.800,1.000,-0.313,4.630,1.615,61.320,25.970
29.420,69.200,420.300,0.000,-0.031,8.590,1.806,58.500,29.590
25.490,46.980,204.100,0.000,0.924,9.240,0.670,53.360,25.750
40.090,54.480,677.900,1.000,0.009,3.850,2.664,67.640,39.790
19.730,80.120,236.400,0.000,0.019,3.090,0.193,51.110,20.170
30.080,45.630,805.100,1.000,0.331,-8.710,3.163,65.390,30.140
23.110,60.120,578.800,0.000,-0.152,7.040,0.890,58.050,23.450
23.600,46.300,460.700,0.000,-0.060,10.070,0.806,56.590,23.870
39.470,61.910,409.000,0.000,-0.152,-6.470,1.932,63.430,39.190
18.710,45.270,496.300,0.000,-0.376,-9.130,0.267,55.630,19.230
32.220,80.450,614.100,0.000,0.010,0.910,2.942,62.810,32.150
37.220,60.450,755.200,1.000,0.328,9.610,3.555,67.290,36.990
31.210,79.590,840.100,1.000,0.102,-6.240,3.533,65.890,31.180
26.020,70.610,727.900,1.000,0.371,2.000,1.700,61.620,26.210
35.170,77.810,622.800,0.000,-0.077,-3.190,3.152,64.760,35.150
27.420,61.310,176.900,0.000,-0.405,13.660,0.867,53.770,27.570
34.450,75.130,583.300,0.000,-0.072,5.120,3.070,63.180,34.370
23.080,49.280,561.200,0.000,-0.141,3.620,0.860,57.810,23.470
32.680,54.670,335.200,0.000,0.300,0.810,1.934,58.980,32.610
33.100,77.340,474.100,0.000,0.553,4.890,2.537,61.320,33.070
37.310,52.260,714.900,1.000,-0.374,13.710,3.367,66.520,37.190
40.260,61.270,248.200,0.000,-0.001,0.680,1.426,60.920,39.940
29.130,56.760,736.400,1.000,-0.257,-9.640,2.626,63.630,29.200
40.510,70.470,819.500,1.000,0.036,-2.440,3.017,69.550,40.200
23.080,62.460,255.500,0.000,0.167,-16.370,0.490,52.930,23.630
24.520,68.740,450.400,0.000,-0.335,1.650,0.865,56.520,24.770
26.340,45.750,243.300,0.000,-0.001,-5.380,0.918,54.350,26.540
37.020,47.530,310.900,0.000,-0.217,-5.940,1.967,60.020,36.890
21.560,57.160,248.400,0.000,0.106,2.780,0.298,52.230,21.990
38.550,47.940,648.200,0.000,-0.094,-4.620,2.876,66.540,38.310
29.040,59.970,296.000,0.000,0.010,4.710,1.444,56.530,29.070
21.350,64.260,533.900,1.000,0.365,6.280,0.564,56.620,21.820
22.120,83.380,286.600,0.000,0.074,-4.360,0.401,53.200,22.630
21.130,54.770,542.500,0.000,-0.068,2.210,0.616,57.060,21.450
25.190,56.490,576.700,0.000,-0.342,15.630,1.240,59.340,25.510
26.960,74.600,837.300,1.000,0.426,-2.370,2.240,63.560,27.170
24.550,61.440,166.400,0.000,0.159,-8.850,0.508,52.460,24.920
20.450,74.020,369.500,0.000,0.314,-15.040,0.392,53.940,20.840
25.520,58.900,226.600,0.000,-0.302,-5.240,0.791,53.660,25.750
29.870,82.680,624.900,0.000,-0.449,-9.780,2.490,61.760,30.060
24.630,76.000,776.400,1.000,-0.066,15.100,1.478,61.800,24.910
20.660,47.380,568.000,0.000,-0.431,-13.110,0.400,57.420,21.160
33.760,52.430,427.100,0.000,-0.274,4.830,2.374,60.500,33.570
28.780,84.870,582.900,0.000,-0.130,4.310,2.179,60.800,28.820
37.180,59.130,237.800,0.000,0.081,-1.420,1.660,59.050,36.940
27.400,70.390,611.800,0.000,0.047,-0.770,1.875,60.590,27.570
38.030,81.440,736.700,1.000,0.202,2.700,3.343,66.940,37.810
41.650,80.290,573.000,0.000,-0.011,-5.250,2.065,66.270,41.210
20.210,56.370,666.400,1.000,-0.037,-12.980,0.408,58.310,20.700
18.900,64.390,647.300,0.000,0.801,-9.320,0.370,57.590,19.430
39.640,75.210,160.500,0.000,-0.023,16.440,1.199,59.270,39.220
29.600,71.220,436.900,0.000,-0.058,2.340,1.935,58.740,29.720
20.870,56.200,639.800,0.000,-0.325,-11.560,0.568,58.720,21.300
41.970,51.950,581.000,0.000,-0.401,7.210,1.956,66.810,41.540
24.010,60.290,224.600,0.000,0.477,3.960,0.547,53.190,24.280
22.750,74.940,599.700,0.000,-0.057,9.340,0.782,58.260,23.150
36.450,63.680,467.700,0.000,0.034,-5.230,2.518,62.690,36.200
23.410,61.040,805.400,1.000,-0.296,-2.930,1.130,62.140,23.760
24.720,68.370,447.600,0.000,-0.029,-9.130,1.022,56.920,25.020
35.070,77.120,414.200,0.000,0.189,-7.280,2.367,61.640,35.040
33.380,68.130,696.200,1.000,-0.105,8.060,3.371,65.080,33.190
38.570,57.060,537.500,0.000,-0.362,-5.220,2.467,65.080,38.300
33.150,56.030,164.200,0.000,0.247,-5.200,1.379,56.320,33.220
35.050,68.920,399.900,0.000,0.058,-14.620,2.337,60.940,34.850
22.480,73.580,737.500,1.000,0.254,0.960,0.938,61.010,22.870
36.070,65.200,302.200,0.000,-0.149,-7.400,1.945,59.750,35.850
21.440,59.460,439.100,0.000,0.232,0.180,0.477,55.660,21.940
23.990,48.110,243.100,0.000,-0.166,-6.970,0.566,53.510,24.370
38.400,80.550,206.200,0.000,-0.415,-4.020,1.415,59.290,38.150
37.510,81.220,518.800,1.000,0.343,0.380,2.613,63.730,37.350
22.430,75.970,260.000,0.000,0.269,2.480,0.391,52.990,22.820
31.140,76.210,736.100,1.000,-0.006,-3.720,3.264,63.620,31.240
41.960,79.330,482.700,0.000,0.534,-2.250,1.773,65.010,41.430
21.520,74.060,525.900,0.000,0.193,1.940,0.649,56.900,22.020
23.610,46.540,422.300,0.000,0.190,8.260,0.772,56.040,23.890
19.250,82.350,724.300,1.000,-0.157,7.160,0.344,58.460,19.710
21.780,78.900,445.100,0.000,-0.285,-19.360,0.493,55.870,22.230
41.600,50.020,834.100,1.000,-0.593,2.030,2.620,70.180,41.170
37.210,61.950,564.300,0.000,0.307,12.030,2.799,64.180,37.100
31.940,51.010,263.800,0.000,0.073,-3.850,1.683,57.040,31.870
36.000,65.640,490.400,0.000,-0.054,-1.550,2.545,62.590,35.950
34.800,77.180,448.900,0.000,-0.246,1.010,2.520,61.060,34.740
32.780,78.720,444.000,0.000,0.273,7.280,2.378,60.270,32.760
28.900,48.460,596.500,0.000,0.074,1.900,2.249,61.470,28.920
33.040,77.690,736.200,1.000,0.684,-0.190,3.519,65.130,32.960
25.410,64.500,482.600,0.000,0.569,-5.310,1.147,57.800,25.640
20.630,81.090,402.100,0.000,-0.135,2.570,0.393,53.870,20.980
37.060,76.990,320.700,0.000,-0.075,-3.850,1.924,60.160,37.000
24.740,48.850,339.600,0.000,-0.433,3.260,0.800,54.590,25.180
19.090,67.680,225.100,0.000,0.485,-6.200,0.138,50.540,19.650
36.080,50.270,689.200,1.000,-0.015,-14.370,3.379,65.740,35.870
28.800,65.200,247.400,0.000,0.337,9.130,1.146,55.360,29.000
25.810,77.170,840.800,1.000,0.310,10.900,1.909,63.430,26.080
34.710,55.250,256.500,0.000,-0.105,0.920,1.769,58.180,34.540
20.380,53.310,713.000,1.000,-0.387,-0.620,0.437,59.330,20.780
29.700,54.050,392.000,0.000,0.096,4.460,1.823,58.700,29.830
26.670,78.030,256.100,0.000,-0.326,7.360,0.977,54.680,26.920
29.080,78.130,417.700,0.000,-0.079,-1.160,1.728,58.420,29.150
30.330,47.240,274.000,0.000,-0.077,-1.930,1.494,56.700,30.600
29.400,76.380,578.400,0.000,0.569,-6.530,2.250,60.790,29.390
22.900,63.740,767.000,1.000,-0.083,-3.840,0.985,60.810,23.360
41.860,53.200,471.800,0.000,-0.082,-3.900,1.615,65.160,41.420
22.290,80.920,456.600,0.000,-0.375,2.350,0.556,56.210,22.790
27.500,73.510,181.000,0.000,0.369,-9.780,0.861,53.250,27.700
35.060,61.260,693.700,1.000,-0.261,-18.410,3.479,65.410,34.770
28.800,69.890,287.400,0.000,0.255,13.600,1.273,56.380,28.880
26.700,83.860,353.200,0.000,-0.017,4.180,1.184,56.110,26.870
20.660,78.240,728.100,1.000,0.224,-4.220,0.638,59.070,21.080
35.800,56.040,364.500,0.000,0.101,-13.600,2.122,60.710,35.650
30.420,79.470,752.100,1.000,0.459,13.050,3.084,63.880,30.580
32.420,45.980,247.300,0.000,-0.500,-7.600,1.582,57.070,32.370
31.410,84.870,429.500,0.000,-0.080,20.660,2.146,59.660,31.410
36.830,55.470,183.700,0.000,-0.003,-3.280,1.384,58.570,36.680
27.590,49.070,394.100,0.000,-0.064,2.040,1.435,57.390,27.820
40.150,68.750,269.300,0.000,0.217,2.980,1.402,61.010,39.640
24.930,60.180,325.600,0.000,-0.149,4.410,0.717,55.460,25.200
21.630,46.130,208.800,0.000,-0.130,0.850,0.341,51.270,22.070
28.160,80.790,582.600,0.000,-0.260,-0.990,1.989,60.430,28.380
22.090,73.300,696.300,1.000,-0.126,-4.030,0.773,59.300,22.510
24.700,49.310,512.900,0.000,0.051,0.880,1.126,57.820,25.060
38.960,75.650,702.800,1.000,0.244,-15.050,3.034,67.520,38.570
27.330,57.780,581.500,0.000,0.015,-10.940,1.735,60.470,27.580
36.380,73.270,292.800,0.000,-0.179,-4.210,1.855,59.810,36.310
35.180,84.390,256.100,0.000,-0.113,8.960,1.712,58.330,34.990
29.160,56.960,491.900,0.000,-0.399,1.290,1.968,59.510,29.340
33.740,58.130,297.100,0.000,-0.373,8.840,1.810,58.970,33.690
37.950,47.200,425.800,0.000,0.430,1.200,2.218,62.640,37.670
38.850,83.800,358.600,0.000,-0.300,15.930,1.905,61.890,38.580
39.130,47.500,207.100,0.000,-0.439,7.640,1.400,59.430,38.710
18.170,52.250,518.200,0.000,0.070,-2.070,0.239,55.410,18.580
30.660,65.430,669.700,1.000,-0.020,-3.400,2.796,63.290,30.610
20.180,48.640,726.500,1.000,-0.150,3.450,0.570,59.030,20.720
34.160,69.210,833.000,1.000,-0.180,-10.020,3.977,66.990,34.080
25.150,48.250,567.900,0.000,-0.086,0.920,1.185,59.100,25.430
33.630,61.860,631.600,0.000,0.164,-0.370,3.116,64.510,33.720
27.300,53.020,487.300,0.000,0.140,-10.310,1.604,58.250,27.570
35.230,49.960,777.200,1.000,-0.424,5.810,3.752,66.390,35.140
21.920,70.340,264.400,0.000,-0.134,6.640,0.415,53.070,22.300
25.410,63.570,463.400,0.000,-0.062,-1.930,1.050,57.030,25.760
33.930,79.250,614.100,0.000,0.052,-5.270,3.133,63.540,33.810
30.910,82.070,721.800,1.000,-0.529,13.610,3.072,63.580,31.050
41.700,75.120,209.400,0.000,0.013,-1.530,1.082,60.970,41.200
23.640,59.650,395.100,0.000,0.076,-1.460,0.743,55.590,23.950
38.750,46.480,436.700,1.000,0.171,9.580,2.166,62.760,38.470
35.570,73.900,724.900,1.000,-0.407,-7.120,3.573,65.940,35.450
18.020,68.520,382.200,0.000,-0.089,-8.300,0.187,53.110,18.610
19.920,73.520,589.800,0.000,-0.228,-0.710,0.427,57.040,20.410
29.970,58.410,561.900,0.000,0.105,3.010,2.339,61.240,30.160
23.030,70.860,575.000,0.000,-0.052,-4.830,0.832,58.080,23.440
29.860,51.970,588.800,0.000,0.122,-11.310,2.431,61.260,29.900
39.320,50.070,847.500,1.000,0.045,13.150,3.420,70.200,39.140
41.150,83.670,189.900,0.000,0.453,-6.250,1.075,60.630,40.800
19.000,57.740,620.100,0.000,-0.264,7.480,0.271,56.940,19.480
37.070,51.290,507.200,0.000,-0.066,-2.870,2.604,63.460,36.850
26.890,50.000,222.000,0.000,0.266,-2.200,0.905,54.800,27.100
21.530,67.110,462.800,0.000,0.372,1.040,0.459,55.750,21.890
27.210,59.210,275.700,0.000,-0.268,-12.340,1.053,55.340,27.370
18.710,45.780,175.500,0.000,-0.088,-11.080,0.120,49.940,19.270
20.810,65.220,254.200,0.000,-0.140,5.340,0.212,51.980,21.260
19.710,45.560,307.400,0.000,0.289,0.030,0.134,52.500,20.270
21.950,53.400,267.400,0.000,-0.009,7.140,0.401,53.100,22.320
22.910,83.400,819.800,1.000,0.105,6.140,1.116,61.680,23.260
29.480,78.650,605.000,0.000,-0.054,-5.590,2.417,61.050,29.710
30.190,65.490,756.700,1.000,0.205,5.040,2.979,64.310,30.260
21.810,62.570,596.900,0.000,0.191,2.390,0.665,57.610,22.110
31.420,58.670,599.600,0.000,-0.143,-3.540,2.710,62.300,31.370
27.610,71.660,208.700,0.000,-0.209,-4.820,0.903,54.350,27.860
18.990,49.830,390.200,0.000,0.088,10.830,0.242,52.940,19.550
24.490,60.270,382.000,0.000,0.527,-1.800,0.788,55.390,24.660
33.780,51.490,811.500,1.000,0.111,-0.040,3.865,66.720,33.690
23.660,49.980,251.200,0.000,-0.088,3.840,0.598,53.090,23.950
40.150,73.350,319.300,0.000,-0.664,-8.040,1.555,62.050,39.860
27.720,69.380,211.500,0.000,-0.549,-6.110,0.970,54.840,27.890
22.130,48.480,365.500,0.000,-0.026,3.650,0.502,54.460,22.320
33.870,62.370,553.600,0.000,0.287,-2.960,2.856,62.940,33.820
23.650,55.760,325.100,0.000,0.139,-3.240,0.643,54.120,24.020
40.550,71.730,468.200,0.000,-0.485,-0.070,1.895,64.200,40.060
33.200,45.390,675.400,1.000,-0.298,19.210,3.278,64.530,33.250
33.480,76.000,282.800,0.000,0.662,4.690,1.823,58.580,33.460
31.130,81.580,427.400,0.000,0.264,-4.670,2.067,59.360,31.150
37.220,60.070,191.600,0.000,-0.326,2.740,1.453,58.470,36.990
26.920,84.180,287.700,0.000,-0.109,-8.990,1.036,55.430,27.060
36.680,73.000,460.700,0.000,0.275,0.970,2.475,62.370,36.440
41.140,56.520,326.300,0.000,0.178,0.150,1.455,62.510,40.740
28.260,81.760,182.900,0.000,-0.415,-7.450,0.956,54.480,28.330
23.600,49.020,726.100,1.000,0.149,0.420,1.059,61.450,23.950
19.080,76.190,675.900,1.000,0.082,0.750,0.330,57.360,19.620
26.530,48.920,367.100,0.000,0.222,1.390,1.178,56.560,26.700
20.350,68.560,565.600,1.000,0.079,-7.870,0.466,56.060,20.930
27.520,72.100,287.300,0.000,0.055,-7.320,1.135,55.940,27.750
28.300,50.550,278.700,0.000,0.204,-0.290,1.304,56.180,28.350
38.560,79.820,663.600,1.000,0.262,-11.190,2.992,66.150,38.240
28.420,64.680,670.000,1.000,0.111,1.910,2.266,62.540,28.500
29.020,63.320,573.900,0.000,-0.068,-2.420,2.187,60.660,29.180
19.270,52.210,335.900,0.000,-0.060,-1.440,0.259,52.740,19.960
32.650,58.640,181.900,0.000,0.400,11.030,1.435,56.420,32.480
19.090,50.330,251.900,0.000,0.522,-4.670,0.219,51.140,19.520
20.540,67.290,556.600,0.000,-0.029,11.090,0.505,56.290,20.980
37.320,74.860,803.600,1.000,0.050,12.250,3.657,67.840,37.070
30.930,77.940,377.800,0.000,0.605,-6.040,2.015,58.520,31.020
22.610,82.770,450.000,0.000,-0.141,9.260,0.594,55.920,22.910
30.520,82.660,419.600,0.000,0.176,-6.600,1.987,58.930,30.560
21.050,79.820,343.900,0.000,0.147,-10.820,0.373,53.690,21.350
22.230,73.530,440.700,0.000,0.481,4.170,0.555,55.520,22.760
37.400,69.720,567.400,0.000,-0.679,14.920,2.762,63.940,37.270
40.460,79.880,704.700,1.000,0.026,-5.940,2.645,67.480,40.070
39.760,69.040,836.700,1.000,0.063,-13.020,3.316,69.810,39.340
41.240,61.320,831.400,1.000,-0.116,9.680,2.770,70.720,40.680
39.670,45.920,613.600,0.000,-0.490,7.200,2.614,66.240,39.330
37.470,63.460,360.800,1.000,-0.760,-4.280,2.010,61.450,37.210
35.480,68.830,213.400,0.000,-0.170,4.610,1.530,58.130,35.350
31.110,80.900,708.700,1.000,-0.257,5.870,3.101,63.780,31.210
27.380,50.900,529.700,1.000,-0.131,3.790,1.667,59.730,27.500
24.680,68.090,408.200,1.000,0.291,1.670,0.927,55.820,24.980
22.580,51.650,626.800,0.000,0.059,-0.410,0.849,59.010,22.850
20.220,48.500,246.300,0.000,-0.134,-12.070,0.377,51.940,20.710
36.610,53.380,511.200,0.000,0.112,5.550,2.734,63.350,36.480
39.680,64.200,430.400,0.000,-0.085,7.430,2.057,63.290,39.470
34.070,50.500,666.300,1.000,-0.157,10.580,3.354,64.320,34.040
18.950,81.520,405.500,0.000,0.086,1.910,0.289,53.370,19.510
28.230,75.150,506.800,0.000,0.220,3.420,1.784,59.100,28.440
31.910,54.440,627.600,0.000,-0.246,5.260,2.871,62.910,32.060
18.480,57.680,817.300,1.000,0.450,-7.140,0.305,60.030,18.970
33.940,73.950,182.000,0.000,-0.165,-12.890,1.403,56.440,33.900
29.450,84.290,574.700,0.000,0.324,3.630,2.252,60.640,29.620
36.890,67.440,593.500,0.000,0.456,-2.960,2.938,64.650,36.520
37.220,51.410,613.700,0.000,-0.188,-6.800,2.959,64.830,37.020
37.120,78.790,579.800,0.000,-0.019,-14.850,2.837,64.950,36.850
24.070,46.750,500.800,0.000,-0.468,7.310,0.945,57.430,24.380
25.300,70.370,537.700,0.000,-0.552,-2.530,1.266,58.550,25.510
25.900,55.420,535.000,0.000,0.880,7.140,1.347,58.720,26.130
20.090,48.630,743.500,1.000,0.031,-1.730,0.491,59.980,20.530
34.640,45.270,392.200,0.000,-0.016,0.470,2.326,60.360,34.570
39.390,52.830,490.900,0.000,-0.080,-0.240,2.255,64.460,39.110
29.670,64.360,719.500,1.000,-0.181,6.480,2.718,63.110,29.710
29.140,63.650,564.500,0.000,-0.622,-0.030,2.164,61.110,29.300
35.840,68.900,752.900,1.000,0.057,-0.720,3.645,66.710,35.570
41.790,45.250,436.500,0.000,0.655,1.130,1.624,63.830,41.460
21.230,77.470,237.000,0.000,0.071,3.530,0.341,52.020,21.650
29.360,76.590,173.600,0.000,0.227,8.380,1.053,54.740,29.490
36.790,64.110,192.000,0.000,-0.258,-14.290,1.436,58.330,36.640
19.380,45.680,241.600,0.000,-0.060,3.940,0.241,51.700,19.730
18.930,54.290,810.900,1.000,0.212,5.740,0.424,59.850,19.360
29.450,80.590,228.200,0.000,0.103,-0.240,1.186,55.460,29.540
32.000,62.680,249.400,0.000,-0.510,4.680,1.602,57.380,32.070
33.270,72.750,602.400,0.000,-0.027,-13.110,2.977,62.270,33.260
29.800,71.510,662.800,1.000,-0.354,9.580,2.708,63.140,29.820
37.530,80.090,807.600,1.000,-0.256,4.070,3.600,68.480,37.310
29.080,67.350,687.900,1.000,0.048,1.910,2.474,62.540,29.190
31.830,74.600,280.600,0.000,0.171,-6.040,1.768,57.300,31.940
33.280,57.840,680.500,1.000,0.205,-0.770,3.316,64.880,33.220
26.630,62.170,724.300,1.000,0.101,8.880,1.936,61.830,26.850
28.710,61.010,708.900,1.000,0.082,-8.420,2.423,62.280,28.970
18.860,61.540,186.300,0.000,-0.391,0.410,0.193,50.340,19.490
25.210,65.860,398.200,0.000,-0.057,13.290,0.950,57.110,25.340
35.540,64.550,764.400,1.000,0.268,10.140,3.676,66.240,35.410
25.680,69.510,615.200,0.000,0.071,4.070,1.475,59.600,26.040
34.600,73.220,480.500,0.000,0.342,-4.740,2.640,62.040,34.570
35.670,76.900,321.200,0.000,0.284,12.320,1.997,59.770,35.530
26.910,51.330,448.400,0.000,-0.156,-6.260,1.317,58.170,27.090
40.650,73.450,791.700,1.000,-0.073,1.630,2.826,69.360,40.250
33.890,50.930,263.300,0.000,-0.443,5.070,1.761,57.650,33.820
38.570,77.960,169.300,0.000,0.104,-10.000,1.302,59.140,38.360
27.760,57.680,243.500,0.000,0.510,-9.610,1.033,55.510,28.020
27.810,77.590,481.200,0.000,-0.577,-11.980,1.623,58.990,28.000
22.350,75.790,579.900,0.000,-0.371,-1.410,0.711,57.710,22.720
22.530,69.130,669.100,1.000,-0.292,8.720,0.839,59.630,23.010
21.210,73.410,414.300,0.000,0.178,-0.290,0.400,54.570,21.660
41.980,46.560,334.300,0.000,0.673,-5.780,1.336,63.300,41.490
32.030,84.550,442.700,1.000,0.174,-4.360,2.333,59.770,32.020
18.890,54.450,590.600,0.000,-0.010,2.090,0.306,57.120,19.320
39.810,77.000,500.500,0.000,-0.139,-9.790,2.198,64.120,39.610
18.810,78.150,837.700,1.000,0.035,-4.310,0.378,59.930,19.450
20.170,77.350,371.600,0.000,0.215,9.930,0.395,53.910,20.630
22.680,69.260,591.900,1.000,-0.374,0.210,0.805,58.370,23.000
24.340,70.480,418.500,0.000,0.723,-9.050,0.850,55.520,24.620
29.070,64.540,305.900,0.000,-0.496,-5.700,1.394,56.200,29.120
33.350,76.120,257.000,0.000,-0.270,2.720,1.753,57.800,33.460
34.010,64.110,636.600,0.000,-0.340,-9.120,3.179,64.460,33.940
23.680,66.340,191.100,0.000,0.203,19.430,0.439,52.410,24.020
35.920,71.850,635.600,0.000,-0.186,3.820,3.253,64.750,35.830
25.830,64.860,275.600,0.000,-0.028,6.080,0.903,54.440,26.170
38.720,52.390,400.600,0.000,-0.111,4.500,2.037,63.010,38.350
23.830,77.210,335.500,0.000,0.132,5.800,0.690,54.850,24.070
39.630,80.340,742.800,1.000,-0.250,1.380,3.016,68.520,39.240
35.020,73.710,337.400,0.000,-0.180,6.470,2.162,59.780,34.940
38.900,67.880,554.000,0.000,0.179,-1.130,2.562,65.490,38.630
30.570,76.400,375.600,0.000,-0.175,5.480,1.812,57.970,30.740
22.280,57.830,262.800,0.000,-0.140,-11.870,0.477,52.720,22.660
36.400,69.300,395.200,0.000,0.049,-1.210,2.202,61.380,36.170
23.370,58.310,308.900,0.000,-0.210,-1.220,0.536,54.020,23.710
28.920,75.940,234.700,0.000,0.387,-3.830,1.250,55.550,29.090
29.620,84.850,264.700,0.000,-0.037,5.030,1.441,55.980,29.790
24.980,47.950,743.100,1.000,-0.502,1.930,1.450,61.980,25.170
21.140,60.290,411.900,0.000,0.183,-10.950,0.406,55.070,21.630
34.080,60.340,429.400,0.000,0.256,-1.240,2.399,60.150,34.070
28.630,49.940,458.300,0.000,-0.196,-7.810,1.823,58.870,28.760
41.650,67.160,171.600,0.000,-0.193,3.280,1.034,60.000,41.240
25.590,72.480,457.800,0.000,0.556,-10.890,1.185,57.940,25.700
29.940,55.980,608.300,0.000,0.246,0.850,2.570,61.390,30.070
31.650,66.290,601.600,0.000,0.026,-2.280,2.819,62.770,31.570
36.390,81.650,496.500,0.000,0.011,6.210,2.646,63.230,36.080
31.740,74.560,308.300,0.000,-0.143,14.460,1.739,57.870,31.590
31.900,55.900,483.400,0.000,0.026,-5.150,2.497,60.490,31.870
38.360,66.250,722.900,1.000,-0.023,10.420,3.251,66.920,38.130
22.310,74.870,238.000,0.000,-0.000,-12.610,0.340,52.860,22.830
30.140,69.430,330.800,0.000,-0.496,-2.460,1.701,57.600,30.320
38.780,75.580,353.200,0.000,0.542,-0.480,1.831,61.660,38.450
19.290,78.550,491.900,0.000,-0.453,1.690,0.319,55.270,19.740
28.020,71.200,688.300,1.000,-0.538,-1.970,2.232,62.360,28.240
31.570,63.840,393.000,0.000,-0.026,3.240,2.021,59.090,31.660
34.650,78.650,419.400,0.000,0.568,2.230,2.410,61.480,34.490
36.670,57.230,593.900,0.000,0.563,8.890,3.035,64.620,36.490
22.480,57.590,354.300,0.000,0.009,-1.050,0.623,54.990,22.840
37.850,73.940,263.300,0.000,-0.032,-5.410,1.624,59.860,37.640
38.840,56.160,790.000,1.000,-0.327,10.660,3.357,68.400,38.550
19.710,71.540,556.400,0.000,0.044,11.880,0.340,56.500,20.290
21.510,47.910,650.900,1.000,0.190,-0.010,0.724,58.250,21.960
26.600,65.830,378.700,0.000,-0.077,7.040,1.175,56.480,26.760
32.300,49.560,439.700,0.000,-0.530,-11.660,2.325,60.360,32.300
33.220,52.510,489.700,0.000,-0.085,4.560,2.542,61.620,33.200
30.750,57.490,669.500,1.000,-0.051,-2.310,2.781,62.840,30.740
29.400,84.150,813.600,1.000,0.491,-15.020,3.021,64.470,29.450
24.900,81.510,700.600,1.000,-0.286,1.860,1.340,60.960,25.240
29.040,76.490,549.400,0.000,-0.121,-19.660,2.083,60.390,29.190
30.550,61.380,652.000,1.000,-0.154,-16.290,2.784,62.310,30.810
24.930,73.840,798.400,1.000,0.645,5.340,1.571,62.530,25.220
34.790,73.810,491.600,0.000,-0.005,4.600,2.703,62.520,34.520
33.760,61.880,440.800,0.000,0.210,-9.220,2.423,60.750,33.790
36.190,77.380,299.000,0.000,-0.170,7.310,1.928,59.520,36.050
22.670,51.200,636.500,0.000,-0.477,8.180,0.831,58.770,23.140
27.810,68.190,810.000,1.000,-0.250,-4.530,2.485,63.690,27.970
34.260,53.380,700.600,1.000,-0.225,9.490,3.455,65.520,34.270
28.610,51.790,613.800,0.000,-0.233,-7.130,2.118,61.480,28.730
31.880,48.590,199.300,0.000,-0.190,12.180,1.370,56.310,31.860
29.680,68.770,318.000,0.000,-0.531,5.200,1.527,57.440,29.890
38.860,49.450,656.900,1.000,0.271,-11.250,2.903,66.790,38.600
29.910,71.410,412.500,0.000,-0.293,7.860,1.822,59.100,29.980
37.380,70.170,698.800,1.000,0.032,-2.600,3.265,66.820,37.130
21.430,83.830,589.600,0.000,-0.266,1.250,0.581,57.920,21.850
37.970,69.630,736.000,1.000,-0.244,0.460,3.354,67.300,37.680
25.010,84.560,576.700,0.000,0.371,-4.180,1.214,58.570,25.260
28.940,69.070,288.200,0.000,0.758,-4.390,1.303,56.280,29.110
29.830,65.830,621.600,0.000,0.473,-7.790,2.508,61.880,30.100
22.200,68.730,393.800,0.000,-0.452,-5.160,0.510,54.760,22.580
21.010,46.240,714.000,1.000,-0.361,1.120,0.600,59.140,21.500
23.410,72.330,493.500,0.000,0.007,-13.030,0.794,57.330,23.790
28.250,55.850,848.200,1.000,0.405,14.700,2.702,64.190,28.430
20.230,76.650,223.800,0.000,-0.437,9.500,0.207,51.060,20.600
18.120,50.480,723.400,1.000,-0.484,-10.500,0.283,58.220,18.650
41.960,47.710,491.000,0.000,0.406,2.040,1.685,64.840,41.680
28.710,66.120,252.000,0.000,0.120,-2.530,1.202,55.820,28.900
19.290,68.360,535.400,0.000,0.036,5.140,0.406,55.730,19.810
22.350,69.620,295.500,0.000,0.361,10.730,0.435,53.400,22.680
19.700,58.040,432.300,0.000,0.059,-2.920,0.305,54.140,20.240
23.360,62.140,743.500,1.000,-0.533,-0.640,1.096,61.190,23.700
26.060,56.270,650.800,1.000,0.444,-0.860,1.615,60.830,26.250
29.460,59.010,712.500,1.000,0.061,8.140,2.641,62.240,29.620
22.230,64.970,800.800,1.000,-0.431,7.120,0.880,61.210,22.510
27.230,80.180,197.300,0.000,-0.370,-19.790,0.868,54.250,27.420
26.090,64.690,326.900,0.000,-0.355,9.910,1.009,55.520,26.240
21.190,78.510,453.500,0.000,0.190,-3.080,0.449,55.380,21.640
28.630,72.580,615.600,0.000,-0.333,1.220,2.249,61.310,28.770
18.530,79.350,801.700,1.000,0.072,-3.570,0.377,59.620,19.080
36.330,65.520,422.100,0.000,0.048,0.140,2.351,61.760,36.130
34.720,72.750,378.300,0.000,0.270,-1.680,2.270,61.020,34.630
29.130,70.210,431.500,0.000,-0.075,-8.430,1.764,58.130,29.290
34.940,65.820,643.400,0.000,0.327,2.870,3.261,64.300,34.860
31.360,55.930,570.200,0.000,0.059,-19.390,2.644,61.860,31.390
20.310,68.810,528.400,0.000,0.598,0.690,0.440,55.880,20.810
21.520,83.730,846.500,1.000,0.096,-1.090,0.872,61.960,21.920
37.080,57.270,227.800,0.000,0.598,9.380,1.582,59.280,36.870
23.460,77.530,722.300,1.000,0.097,-13.650,1.097,61.090,23.840
31.240,72.710,365.800,0.000,0.013,-0.600,1.963,58.510,31.310
22.780,75.920,819.600,1.000,-0.334,5.380,1.012,62.170,23.300
39.090,74.480,332.800,0.000,0.243,2.290,1.708,61.630,38.800
27.340,52.510,348.900,0.000,-0.016,-3.760,1.261,56.640,27.420
22.270,67.470,585.100,0.000,-0.230,-1.440,0.718,58.390,22.680
20.800,76.440,843.100,1.000,-0.008,0.390,0.687,61.540,21.170
20.510,51.160,162.500,0.000,-0.141,7.590,0.234,50.960,20.890
35.070,65.520,558.100,0.000,0.342,-6.230,2.918,63.440,34.990
38.260,74.570,544.200,0.000,0.150,6.950,2.570,64.070,37.970
21.860,51.350,662.300,1.000,0.286,3.240,0.750,58.640,22.180
18.470,73.910,780.600,1.000,0.227,8.230,0.322,59.250,19.030
31.150,66.820,563.000,0.000,0.453,4.510,2.574,61.850,31.230
24.580,62.250,478.700,0.000,-0.263,2.990,0.940,56.850,24.820
18.470,51.630,835.600,1.000,0.154,9.710,0.355,59.800,19.110
31.860,50.180,489.000,0.000,-0.182,-5.410,2.380,60.480,31.930
29.140,67.470,302.000,0.000,0.715,-12.330,1.434,56.600,29.370
38.240,83.560,541.000,0.000,0.318,-7.680,2.616,64.380,37.890
21.570,71.380,583.200,0.000,-0.281,7.070,0.616,57.140,21.970
34.130,48.590,161.100,0.000,-0.123,3.210,1.266,56.570,34.020
38.660,49.410,170.500,0.000,0.307,14.850,1.287,58.310,38.320
38.050,69.330,629.200,0.000,0.375,13.360,2.943,65.470,37.700
27.070,84.570,346.000,0.000,-0.499,-1.170,1.215,56.420,27.230
20.360,84.240,366.900,0.000,-0.259,4.320,0.288,53.800,20.980
23.350,66.090,308.800,0.000,0.129,-4.080,0.596,54.250,23.680
30.930,70.650,604.300,0.000,-0.089,-5.500,2.666,62.090,30.940
28.600,59.140,735.100,1.000,-0.077,7.150,2.551,63.570,28.870
20.300,49.980,676.800,1.000,0.198,2.350,0.523,58.560,20.700
25.690,71.610,482.900,0.000,0.329,7.760,1.243,58.120,26.110
24.640,78.180,292.200,1.000,0.313,3.840,0.750,54.410,24.950
20.160,57.750,172.900,0.000,-0.305,-4.790,0.163,50.660,20.500
37.650,71.260,254.600,0.000,0.003,14.210,1.643,59.700,37.370
37.010,60.050,767.700,1.000,-0.206,-1.000,3.644,67.040,36.840
24.490,69.840,560.900,0.000,0.199,-10.550,1.024,58.360,24.780
29.720,50.020,491.800,0.000,0.109,2.730,2.126,59.850,29.710
41.360,54.840,792.600,1.000,0.167,-5.540,2.722,69.210,40.920
31.310,74.640,678.900,1.000,-0.248,-8.510,2.972,63.550,31.390
41.200,63.050,423.300,0.000,-0.290,0.140,1.680,64.100,40.890
37.740,49.240,527.800,0.000,-0.304,-10.300,2.646,64.000,37.590
24.820,68.740,436.700,0.000,-0.340,-3.090,1.031,56.580,25.040
32.620,73.030,346.400,0.000,-0.255,-7.830,2.021,58.040,32.490
39.280,51.730,583.400,0.000,0.075,2.010,2.566,65.250,38.980
30.330,51.940,446.300,0.000,0.400,10.080,1.990,59.440,30.300
41.300,68.440,418.000,0.000,-0.286,-0.510,1.599,63.960,40.960
30.850,82.510,572.000,0.000,0.074,-5.490,2.594,61.260,30.900
18.830,62.070,507.800,0.000,0.017,5.040,0.256,54.600,19.430
39.260,67.950,839.600,1.000,-0.388,-15.310,3.435,69.010,39.020
26.930,68.680,774.600,1.000,0.172,12.400,2.077,62.970,27.100
36.030,82.210,496.900,0.000,0.265,-12.010,2.629,63.340,35.950
19.050,75.430,195.500,0.000,-0.422,0.250,0.235,50.000,19.640
39.680,62.550,370.200,0.000,0.024,-1.110,1.832,62.240,39.380
31.170,63.560,326.200,0.000,-0.196,-5.510,1.761,58.580,31.130
35.530,52.460,512.500,0.000,-0.007,4.110,2.781,62.870,35.370
26.090,74.030,762.800,1.000,0.033,-5.440,1.798,61.840,26.260
29.390,67.880,718.200,1.000,0.090,-8.970,2.755,63.110,29.460
30.200,56.990,589.200,0.000,0.466,-5.120,2.482,61.400,30.230
23.400,49.600,422.400,0.000,0.035,5.720,0.708,55.630,23.770
18.410,65.060,627.500,0.000,0.566,4.670,0.193,57.240,19.010
30.260,45.540,369.600,0.000,-0.258,2.390,1.792,58.110,30.300
24.420,74.280,434.800,0.000,-0.326,-6.780,0.900,56.380,24.750
32.000,45.040,624.200,0.000,-0.017,2.880,2.926,62.940,31.940
32.250,58.510,376.900,0.000,0.096,-5.530,2.053,59.280,32.250
41.760,62.790,399.600,0.000,0.002,9.720,1.506,64.370,41.270
27.930,72.760,320.900,0.000,-0.124,2.560,1.286,56.880,28.230
35.770,56.160,596.100,0.000,-0.394,12.680,3.093,64.270,35.550
20.680,45.690,487.600,0.000,0.245,5.530,0.431,55.930,21.220
22.860,62.780,428.700,0.000,0.232,3.210,0.640,55.980,23.190
29.070,70.890,613.200,0.000,0.179,2.540,2.387,61.980,29.110
39.190,50.530,610.700,0.000,0.515,-11.760,2.668,65.910,38.940
23.780,50.510,300.700,0.000,-0.270,4.090,0.588,54.010,24.060
24.380,73.880,213.900,1.000,-0.013,1.780,0.601,53.510,24.580
23.920,82.430,189.600,0.000,-0.136,-13.900,0.493,52.400,24.320
21.310,66.450,817.500,1.000,0.277,9.490,0.704,60.970,21.780
18.250,74.950,195.600,0.000,0.176,0.180,0.120,50.350,18.850
30.520,48.250,190.500,0.000,0.039,-0.330,1.246,55.550,30.560
39.800,77.670,700.000,1.000,0.078,-22.020,2.790,67.530,39.430
20.450,51.630,716.700,1.000,0.055,-3.400,0.530,59.090,20.760
34.900,78.360,161.700,0.000,0.465,4.750,1.318,57.700,34.920
22.460,82.110,711.200,1.000,-0.248,-1.050,0.874,59.970,22.750
29.230,53.520,709.100,1.000,-0.299,1.420,2.615,62.890,29.390
31.100,45.040,486.900,0.000,-0.135,-6.130,2.311,60.240,31.060
25.000,53.650,714.200,1.000,-0.267,-2.910,1.460,60.990,25.290
32.750,78.150,804.900,1.000,0.474,6.680,3.751,66.160,32.630
35.150,69.490,791.600,1.000,0.143,-6.830,3.786,66.730,34.930
20.820,69.960,570.900,0.000,0.278,1.640,0.409,57.560,21.230
39.100,66.480,445.800,0.000,0.293,-2.780,2.169,63.650,38.800
27.090,75.560,483.900,0.000,0.322,11.140,1.499,58.130,27.190
22.350,66.230,522.900,0.000,0.077,3.090,0.698,56.860,22.740
30.110,63.700,231.500,0.000,0.050,8.110,1.361,56.440,30.100
39.430,60.200,400.500,1.000,-0.009,-5.830,1.996,62.590,39.200
39.920,48.240,611.900,0.000,-0.445,-8.030,2.547,66.530,39.630
31.960,62.600,669.000,1.000,-0.136,-3.060,3.059,63.750,31.990
20.430,61.640,711.300,1.000,0.115,5.370,0.482,59.190,20.730
31.230,64.720,495.300,0.000,-0.398,-3.750,2.391,61.230,31.260
25.640,47.280,630.300,0.000,-0.173,-5.450,1.542,60.380,25.790
33.920,66.740,357.000,0.000,0.117,-2.180,2.098,59.470,33.870
35.070,47.520,715.100,1.000,0.164,3.170,3.548,65.530,34.930
33.850,81.860,492.400,0.000,0.412,9.150,2.644,62.230,33.740
31.290,63.780,275.000,0.000,-0.581,-6.990,1.610,56.830,31.340
34.250,52.680,412.800,0.000,-0.048,-4.900,2.379,60.720,34.090
37.070,74.960,635.100,0.000,0.119,-10.100,3.123,64.620,36.830
24.360,50.760,324.800,0.000,0.151,-4.740,0.727,54.480,24.710
28.060,82.560,439.100,0.000,0.485,13.430,1.592,57.400,28.240
27.190,52.900,493.400,0.000,-0.039,-11.610,1.637,58.650,27.380
24.760,47.990,824.300,1.000,0.246,2.910,1.619,62.870,25.120
33.090,77.700,530.900,0.000,-0.595,-6.180,2.719,61.770,33.030
40.890,52.320,280.800,0.000,0.384,-7.110,1.454,61.440,40.470
20.090,47.680,804.100,1.000,-0.146,4.410,0.435,60.720,20.520
21.730,74.870,619.100,0.000,-0.179,12.630,0.675,58.550,22.070
20.490,47.500,825.800,1.000,-0.196,3.110,0.618,61.410,20.980
18.070,84.920,306.300,0.000,0.029,-0.790,0.120,51.720,18.690
34.870,81.800,518.700,0.000,-0.343,5.090,2.777,62.710,34.800
23.920,80.900,317.600,0.000,0.269,-3.970,0.660,54.310,24.310
39.100,80.770,789.400,1.000,-0.277,-4.690,3.291,68.650,38.850
19.440,64.720,652.400,1.000,-0.233,5.150,0.374,57.850,19.950
29.220,72.290,643.500,0.000,0.336,8.230,2.475,61.710,29.370
37.830,68.590,795.700,1.000,0.095,-14.520,3.599,67.970,37.480
19.530,65.740,194.000,0.000,0.494,11.010,0.138,50.450,19.980
